ID_VTM_NM;VTM_NM;VERSION;DATE_FROM;DATE_TO
1;Abacavir;1;2018-11-07;2018-11-07
2;Abacavir + Lamivudine + Dolutegravir;1;2018-11-07;2018-11-07
3;Acacia;1;2018-11-07;2018-11-07
4;Acamprosate;1;2018-11-07;2018-11-07
5;Acarbose;1;2018-11-07;2018-11-07
6;Acebutolol;1;2018-11-07;2018-11-07
7;Aceclofenac;1;2018-11-07;2018-11-07
8;Acemetacin;1;2018-11-07;2018-11-07
9;Acenocoumarol;1;2018-11-07;2018-11-07
10;Acetazolamide;1;2018-11-07;2018-11-07
11;Acetic acid;1;2018-11-07;2018-11-07
12;Acetic acid + Honey + Squill;1;2018-11-07;2018-11-07
13;Acetone;1;2018-11-07;2018-11-07
14;Acetylcysteine;1;2018-11-07;2018-11-07
15;Aciclovir;1;2018-11-07;2018-11-07
16;Acipimox;1;2018-11-07;2018-11-07
17;Acitretin;1;2018-11-07;2018-11-07
18;Aclidinium bromide;1;2018-11-07;2018-11-07
19;Aclidinium bromide + Formoterol;1;2018-11-07;2018-11-07
20;Acrivastine;1;2018-11-07;2018-11-07
21;Activated charcoal;1;2018-11-07;2018-11-07
22;Adapalene;1;2018-11-07;2018-11-07
23;Adapalene + Benzoyl peroxide;1;2018-11-07;2018-11-07
24;Adenosine;1;2018-11-07;2018-11-07
25;Adrenaline;1;2018-11-07;2018-11-07
26;Agomelatine;1;2018-11-07;2018-11-07
27;Albiglutide;1;2018-11-07;2018-11-07
28;Alclometasone;1;2018-11-07;2018-11-07
29;Aldioxa + Chloroxylenol;1;2018-11-07;2018-11-07
30;Alendronic acid;1;2018-11-07;2018-11-07
31;Alendronic acid + Colecalciferol;1;2018-11-07;2018-11-07
32;Alfacalcidol;1;2018-11-07;2018-11-07
33;Alfentanil;1;2018-11-07;2018-11-07
34;Alfuzosin;1;2018-11-07;2018-11-07
35;Alimemazine;1;2018-11-07;2018-11-07
36;Alirocumab;1;2018-11-07;2018-11-07
37;Aliskiren;1;2018-11-07;2018-11-07
38;Allantoin + Lidocaine;1;2018-11-07;2018-11-07
39;Allopurinol;1;2018-11-07;2018-11-07
40;Almond oil;1;2018-11-07;2018-11-07
41;Almotriptan;1;2018-11-07;2018-11-07
42;Aloes + Sumatra benzoin;1;2018-11-07;2018-11-07
43;Alogliptin;1;2018-11-07;2018-11-07
44;Alogliptin + Metformin;1;2018-11-07;2018-11-07
45;Alpha tocopherol;1;2018-11-07;2018-11-07
46;Alprostadil;1;2018-11-07;2018-11-07
47;Alum;1;2018-11-07;2018-11-07
48;Aluminium chloride;1;2018-11-07;2018-11-07
49;Aluminium hydroxide;1;2018-11-07;2018-11-07
50;Aluminium hydroxide + Magnesium trisilicate;1;2018-11-07;2018-11-07
51;Aluminium oxide;1;2018-11-07;2018-11-07
52;Alverine;1;2018-11-07;2018-11-07
53;Alverine + Simeticone;1;2018-11-07;2018-11-07
54;Amantadine;1;2018-11-07;2018-11-07
55;Amiloride;1;2018-11-07;2018-11-07
56;Amiloride + Bumetanide;1;2018-11-07;2018-11-07
57;Amiloride + Cyclopenthiazide;1;2018-11-07;2018-11-07
58;Aminophylline;1;2018-11-07;2018-11-07
59;Amiodarone;1;2018-11-07;2018-11-07
60;Amisulpride;1;2018-11-07;2018-11-07
61;Amitriptyline;1;2018-11-07;2018-11-07
62;Amitriptyline + Perphenazine;1;2018-11-07;2018-11-07
63;Amlodipine;1;2018-11-07;2018-11-07
64;Amlodipine + Valsartan;1;2018-11-07;2018-11-07
65;Ammonia + Ammonium bicarbonate;1;2018-11-07;2018-11-07
66;Ammonium bicarbonate;1;2018-11-07;2018-11-07
67;Ammonium bicarbonate + Ipecacuanha;1;2018-11-07;2018-11-07
68;Amobarbital;1;2018-11-07;2018-11-07
69;Amorolfine;1;2018-11-07;2018-11-07
70;Amoxicillin;1;2018-11-07;2018-11-07
71;Ampicillin;1;2018-11-07;2018-11-07
72;Anastrozole;1;2018-11-07;2018-11-07
73;Anise oil;1;2018-11-07;2018-11-07
74;Antazoline + Xylometazoline;1;2018-11-07;2018-11-07
75;Apixaban;1;2018-11-07;2018-11-07
76;Apomorphine;1;2018-11-07;2018-11-07
77;Apraclonidine;1;2018-11-07;2018-11-07
78;Aprepitant;1;2018-11-07;2018-11-07
79;Arachis oil;1;2018-11-07;2018-11-07
80;Arginine;1;2018-11-07;2018-11-07
81;Aripiprazole;1;2018-11-07;2018-11-07
82;Artemether + Lumefantrine;1;2018-11-07;2018-11-07
83;Ascorbic acid;1;2018-11-07;2018-11-07
84;Ascorbic acid + Zinc;1;2018-11-07;2018-11-07
85;Asenapine;1;2018-11-07;2018-11-07
86;Aspirin;1;2018-11-07;2018-11-07
87;Aspirin + Codeine;1;2018-11-07;2018-11-07
88;Aspirin + Metoclopramide;1;2018-11-07;2018-11-07
89;Atenolol;1;2018-11-07;2018-11-07
90;Atenolol + Nifedipine;1;2018-11-07;2018-11-07
91;Atomoxetine;1;2018-11-07;2018-11-07
92;Atorvastatin;1;2018-11-07;2018-11-07
93;Atovaquone;1;2018-11-07;2018-11-07
94;Atropine;1;2018-11-07;2018-11-07
95;Avanafil;1;2018-11-07;2018-11-07
96;Azathioprine;1;2018-11-07;2018-11-07
97;Azelaic acid;1;2018-11-07;2018-11-07
98;Azelastine;1;2018-11-07;2018-11-07
99;Azilsartan;1;2018-11-07;2018-11-07
100;Azithromycin;1;2018-11-07;2018-11-07
101;Aztreonam;1;2018-11-07;2018-11-07
102;Baclofen;1;2018-11-07;2018-11-07
103;Balsalazide;1;2018-11-07;2018-11-07
104;Bambuterol;1;2018-11-07;2018-11-07
105;Beclometasone;1;2018-11-07;2018-11-07
106;Beclometasone + Formoterol;1;2018-11-07;2018-11-07
107;Beclometasone + Formoterol + Glycopyrronium;1;2018-11-07;2018-11-07
108;Bendroflumethiazide;1;2018-11-07;2018-11-07
109;Bendroflumethiazide + Potassium;1;2018-11-07;2018-11-07
110;Benperidol;1;2018-11-07;2018-11-07
111;Benzalkonium;1;2018-11-07;2018-11-07
112;Benzocaine;1;2018-11-07;2018-11-07
113;Benzocaine + Cetylpyridinium;1;2018-11-07;2018-11-07
114;Benzocaine + Dequalinium;1;2018-11-07;2018-11-07
115;Benzocaine + Tyrothricin;1;2018-11-07;2018-11-07
116;Benzoyl peroxide;1;2018-11-07;2018-11-07
117;Benzoyl peroxide + Clindamycin;1;2018-11-07;2018-11-07
118;Benzoyl peroxide + Potassium hydroxyquinoline sulfate;1;2018-11-07;2018-11-07
119;Benzydamine;1;2018-11-07;2018-11-07
120;Benzyl benzoate;1;2018-11-07;2018-11-07
121;Benzylpenicillin;1;2018-11-07;2018-11-07
122;Betahistine;1;2018-11-07;2018-11-07
123;Betaine;1;2018-11-07;2018-11-07
124;Betamethasone;1;2018-11-07;2018-11-07
125;Betamethasone + Clioquinol;1;2018-11-07;2018-11-07
126;Betamethasone + Clotrimazole;1;2018-11-07;2018-11-07
127;Betamethasone + Fusidic acid;1;2018-11-07;2018-11-07
128;Betamethasone + Neomycin;1;2018-11-07;2018-11-07
129;Betaxolol;1;2018-11-07;2018-11-07
130;Bethanechol;1;2018-11-07;2018-11-07
131;Bezafibrate;1;2018-11-07;2018-11-07
132;Bicalutamide;1;2018-11-07;2018-11-07
133;Bifonazole;1;2018-11-07;2018-11-07
134;Bilastine;1;2018-11-07;2018-11-07
135;Bimatoprost;1;2018-11-07;2018-11-07
136;Bimatoprost + Timolol;1;2018-11-07;2018-11-07
137;Biotin;1;2018-11-07;2018-11-07
138;Bisacodyl;1;2018-11-07;2018-11-07
139;Bismuth subsalicylate;1;2018-11-07;2018-11-07
140;Bisoprolol;1;2018-11-07;2018-11-07
141;Bisoprolol + Aspirin;1;2018-11-07;2018-11-07
142;Brimonidine;1;2018-11-07;2018-11-07
143;Brimonidine + Timolol;1;2018-11-07;2018-11-07
144;Brinzolamide;1;2018-11-07;2018-11-07
145;Brinzolamide + Brimonidine;1;2018-11-07;2018-11-07
146;Brinzolamide + Timolol;1;2018-11-07;2018-11-07
147;Brivaracetam;1;2018-11-07;2018-11-07
148;Bromfenac;1;2018-11-07;2018-11-07
149;Bromocriptine;1;2018-11-07;2018-11-07
150;Budesonide;1;2018-11-07;2018-11-07
151;Budesonide + Formoterol;1;2018-11-07;2018-11-07
152;Bumetanide;1;2018-11-07;2018-11-07
153;Bupivacaine;1;2018-11-07;2018-11-07
154;Bupivacaine + Glucose;1;2018-11-07;2018-11-07
155;Buprenorphine;1;2018-11-07;2018-11-07
156;Buprenorphine + Naloxone;1;2018-11-07;2018-11-07
157;Bupropion;1;2018-11-07;2018-11-07
158;Buserelin;1;2018-11-07;2018-11-07
159;Buspirone;1;2018-11-07;2018-11-07
160;Busulfan;1;2018-11-07;2018-11-07
161;Butobarbital;1;2018-11-07;2018-11-07
162;CATHETERS;1;2018-11-07;2018-11-07
163;Cabergoline;1;2018-11-07;2018-11-07
164;Caffeine + Ergotamine;1;2018-11-07;2018-11-07
165;Caffeine citrate;1;2018-11-07;2018-11-07
166;Calamine + Zinc oxide;1;2018-11-07;2018-11-07
167;Calcipotriol;1;2018-11-07;2018-11-07
168;Calcipotriol + Betamethasone;1;2018-11-07;2018-11-07
169;Calcitonin;1;2018-11-07;2018-11-07
170;Calcitriol;1;2018-11-07;2018-11-07
171;Calcium acetate;1;2018-11-07;2018-11-07
172;Calcium acetate + Magnesium carbonate;1;2018-11-07;2018-11-07
173;Calcium carbonate;1;2018-11-07;2018-11-07
174;Calcium carbonate + Ergocalciferol;1;2018-11-07;2018-11-07
175;Calcium carbonate + Magnesium carbonate;1;2018-11-07;2018-11-07
176;Calcium carbonate + Sodium alginate + Sodium bicarbonate;1;2018-11-07;2018-11-07
177;Calcium chloride;1;2018-11-07;2018-11-07
178;Calcium glubionate + Calcium lactobionate;1;2018-11-07;2018-11-07
179;Calcium gluconate;1;2018-11-07;2018-11-07
180;Calcium gluconate + Calcium lactate;1;2018-11-07;2018-11-07
181;Calcium lactate;1;2018-11-07;2018-11-07
182;Calcium lactate + Calcium phosphate + Ergocalciferol;1;2018-11-07;2018-11-07
183;Calcium lactate gluconate + Calcium carbonate;1;2018-11-07;2018-11-07
184;Calcium phosphate + Colecalciferol;1;2018-11-07;2018-11-07
185;Calcium polystyrene sulfonate;1;2018-11-07;2018-11-07
186;Canagliflozin;1;2018-11-07;2018-11-07
187;Canagliflozin + Metformin;1;2018-11-07;2018-11-07
188;Candesartan;1;2018-11-07;2018-11-07
189;Capecitabine;1;2018-11-07;2018-11-07
190;Capsaicin;1;2018-11-07;2018-11-07
191;Captopril;1;2018-11-07;2018-11-07
192;Carbamazepine;1;2018-11-07;2018-11-07
193;Carbimazole;1;2018-11-07;2018-11-07
194;Carbocisteine;1;2018-11-07;2018-11-07
195;Carbomer;1;2018-11-07;2018-11-07
196;Carboprost;1;2018-11-07;2018-11-07
197;Carmellose;1;2018-11-07;2018-11-07
198;Carob seed;1;2018-11-07;2018-11-07
199;Carteolol;1;2018-11-07;2018-11-07
200;Carvedilol;1;2018-11-07;2018-11-07
201;Castor oil + Collodion + Colophony;1;2018-11-07;2018-11-07
202;Castor oil + Zinc oxide;1;2018-11-07;2018-11-07
203;Cefaclor;1;2018-11-07;2018-11-07
204;Cefadroxil;1;2018-11-07;2018-11-07
205;Cefalexin;1;2018-11-07;2018-11-07
206;Cefixime;1;2018-11-07;2018-11-07
207;Cefpodoxime;1;2018-11-07;2018-11-07
208;Cefradine;1;2018-11-07;2018-11-07
209;Ceftazidime;1;2018-11-07;2018-11-07
210;Ceftriaxone;1;2018-11-07;2018-11-07
211;Cefuroxime;1;2018-11-07;2018-11-07
212;Celecoxib;1;2018-11-07;2018-11-07
213;Celiprolol;1;2018-11-07;2018-11-07
214;Cetirizine;1;2018-11-07;2018-11-07
215;Cetrimide;1;2018-11-07;2018-11-07
216;Cetrimide + Benzalkonium;1;2018-11-07;2018-11-07
217;Cetrorelix;1;2018-11-07;2018-11-07
218;Cetylpyridinium;1;2018-11-07;2018-11-07
219;Chloral hydrate;1;2018-11-07;2018-11-07
220;Chlorambucil;1;2018-11-07;2018-11-07
221;Chloramphenicol;1;2018-11-07;2018-11-07
222;Chlordiazepoxide;1;2018-11-07;2018-11-07
223;Chlorhexidine;1;2018-11-07;2018-11-07
224;Chlorhexidine + Cetrimide;1;2018-11-07;2018-11-07
225;Chlorhexidine + Chlorobutanol;1;2018-11-07;2018-11-07
226;Chlorhexidine + Isopropyl alcohol;1;2018-11-07;2018-11-07
227;Chlorhexidine + Sodium fluoride;1;2018-11-07;2018-11-07
228;Chlorhexidine + Tetracaine;1;2018-11-07;2018-11-07
229;Chloroquine phosphate;1;2018-11-07;2018-11-07
230;Chloroxylenol;1;2018-11-07;2018-11-07
231;Chlorphenamine;1;2018-11-07;2018-11-07
232;Chlorpromazine;1;2018-11-07;2018-11-07
233;Chlortalidone;1;2018-11-07;2018-11-07
234;Cholera vaccine;1;2018-11-07;2018-11-07
235;Choline salicylate;1;2018-11-07;2018-11-07
236;Choline salicylate + Glycerol;1;2018-11-07;2018-11-07
237;Chondroitin;1;2018-11-07;2018-11-07
238;Choriogonadotropin alfa;1;2018-11-07;2018-11-07
239;Chorionic gonadotrophin;1;2018-11-07;2018-11-07
240;Ciclesonide;1;2018-11-07;2018-11-07
241;Ciclosporin;1;2018-11-07;2018-11-07
242;Cilazapril;1;2018-11-07;2018-11-07
243;Cilostazol;1;2018-11-07;2018-11-07
244;Cimetidine;1;2018-11-07;2018-11-07
245;Cinacalcet;1;2018-11-07;2018-11-07
246;Cinchocaine;1;2018-11-07;2018-11-07
247;Cinchocaine + Hydrocortisone;1;2018-11-07;2018-11-07
248;Cinchocaine + Prednisolone;1;2018-11-07;2018-11-07
249;Cinnarizine;1;2018-11-07;2018-11-07
250;Cinnarizine + Dimenhydrinate;1;2018-11-07;2018-11-07
251;Ciprofibrate;1;2018-11-07;2018-11-07
252;Ciprofloxacin;1;2018-11-07;2018-11-07
253;Ciprofloxacin + Dexamethasone;1;2018-11-07;2018-11-07
254;Citalopram;1;2018-11-07;2018-11-07
255;Citric acid;1;2018-11-07;2018-11-07
256;Citric acid + Magnesium carbonate;1;2018-11-07;2018-11-07
257;Clarithromycin;1;2018-11-07;2018-11-07
258;Clemastine;1;2018-11-07;2018-11-07
259;Clindamycin;1;2018-11-07;2018-11-07
260;Clindamycin + Tretinoin;1;2018-11-07;2018-11-07
261;Clioquinol + Flumetasone;1;2018-11-07;2018-11-07
262;Clobazam;1;2018-11-07;2018-11-07
263;Clobetasol;1;2018-11-07;2018-11-07
264;Clobetasol + Neomycin + Nystatin;1;2018-11-07;2018-11-07
265;Clobetasone;1;2018-11-07;2018-11-07
266;Clobetasone + Oxytetracycline + Nystatin;1;2018-11-07;2018-11-07
267;Clomethiazole;1;2018-11-07;2018-11-07
268;Clomifene;1;2018-11-07;2018-11-07
269;Clomipramine;1;2018-11-07;2018-11-07
270;Clonazepam;1;2018-11-07;2018-11-07
271;Clonidine;1;2018-11-07;2018-11-07
272;Clopidogrel;1;2018-11-07;2018-11-07
273;Cloral betaine;1;2018-11-07;2018-11-07
274;Clotrimazole;1;2018-11-07;2018-11-07
275;Clove oil;1;2018-11-07;2018-11-07
276;Clozapine;1;2018-11-07;2018-11-07
277;Co-amilofruse;1;2018-11-07;2018-11-07
278;Co-amilozide;1;2018-11-07;2018-11-07
279;Co-amoxiclav;1;2018-11-07;2018-11-07
280;Co-beneldopa;1;2018-11-07;2018-11-07
281;Co-careldopa;1;2018-11-07;2018-11-07
282;Co-codamol;1;2018-11-07;2018-11-07
283;Co-codaprin;1;2018-11-07;2018-11-07
284;Co-cyprindiol;1;2018-11-07;2018-11-07
285;Co-danthramer;1;2018-11-07;2018-11-07
286;Co-danthrusate;1;2018-11-07;2018-11-07
287;Co-dydramol;1;2018-11-07;2018-11-07
288;Co-fluampicil;1;2018-11-07;2018-11-07
289;Co-flumactone;1;2018-11-07;2018-11-07
290;Co-magaldrox;1;2018-11-07;2018-11-07
291;Co-phenotrope;1;2018-11-07;2018-11-07
292;Co-prenozide;1;2018-11-07;2018-11-07
293;Co-proxamol;1;2018-11-07;2018-11-07
294;Co-simalcite;1;2018-11-07;2018-11-07
295;Co-tenidone;1;2018-11-07;2018-11-07
296;Co-triamterzide;1;2018-11-07;2018-11-07
297;Co-trimoxazole;1;2018-11-07;2018-11-07
298;Co-zidocapt;1;2018-11-07;2018-11-07
299;Coal tar;1;2018-11-07;2018-11-07
300;Coal tar + Lecithin;1;2018-11-07;2018-11-07
301;Cod liver oil;1;2018-11-07;2018-11-07
302;Codeine;1;2018-11-07;2018-11-07
303;Colchicine;1;2018-11-07;2018-11-07
304;Colecalciferol;1;2018-11-07;2018-11-07
305;Colecalciferol + Calcium carbonate;1;2018-11-07;2018-11-07
306;Colesevelam;1;2018-11-07;2018-11-07
307;Colestipol;1;2018-11-07;2018-11-07
308;Colestyramine;1;2018-11-07;2018-11-07
309;Colistin;1;2018-11-07;2018-11-07
310;Conjugated oestrogens;1;2018-11-07;2018-11-07
311;Conjugated oestrogens + Medroxyprogesterone;1;2018-11-07;2018-11-07
312;Cranberry;1;2018-11-07;2018-11-07
313;Crotamiton;1;2018-11-07;2018-11-07
314;Cyanocobalamin;1;2018-11-07;2018-11-07
315;Cyclizine;1;2018-11-07;2018-11-07
316;Cyclomethicone + Isopropyl myristate;1;2018-11-07;2018-11-07
317;Cyclopenthiazide;1;2018-11-07;2018-11-07
318;Cyclopentolate;1;2018-11-07;2018-11-07
319;Cyclophosphamide;1;2018-11-07;2018-11-07
320;Cycloserine;1;2018-11-07;2018-11-07
321;Cyproheptadine;1;2018-11-07;2018-11-07
322;Cyproterone;1;2018-11-07;2018-11-07
323;Cystine;1;2018-11-07;2018-11-07
324;Dabigatran etexilate;1;2018-11-07;2018-11-07
325;Dalteparin;1;2018-11-07;2018-11-07
326;Danazol;1;2018-11-07;2018-11-07
327;Dantrolene;1;2018-11-07;2018-11-07
328;Dapagliflozin;1;2018-11-07;2018-11-07
329;Dapagliflozin + Metformin;1;2018-11-07;2018-11-07
330;Dapoxetine;1;2018-11-07;2018-11-07
331;Dapsone;1;2018-11-07;2018-11-07
332;Daptomycin;1;2018-11-07;2018-11-07
333;Darbepoetin alfa;1;2018-11-07;2018-11-07
334;Darifenacin;1;2018-11-07;2018-11-07
335;Deferiprone;1;2018-11-07;2018-11-07
336;Deflazacort;1;2018-11-07;2018-11-07
337;Degarelix;1;2018-11-07;2018-11-07
338;Demeclocycline;1;2018-11-07;2018-11-07
339;Denosumab;1;2018-11-07;2018-11-07
340;Dequalinium;1;2018-11-07;2018-11-07
341;Desferrioxamine;1;2018-11-07;2018-11-07
342;Desloratadine;1;2018-11-07;2018-11-07
343;Desmopressin;1;2018-11-07;2018-11-07
344;Desogestrel;1;2018-11-07;2018-11-07
345;Dexamethasone;1;2018-11-07;2018-11-07
346;Dexamethasone + Tobramycin;1;2018-11-07;2018-11-07
347;Dexamfetamine;1;2018-11-07;2018-11-07
348;Dexibuprofen;1;2018-11-07;2018-11-07
349;Dexketoprofen;1;2018-11-07;2018-11-07
350;Dexpanthenol;1;2018-11-07;2018-11-07
351;Dextromethorphan;1;2018-11-07;2018-11-07
352;Diamorphine;1;2018-11-07;2018-11-07
353;Diazepam;1;2018-11-07;2018-11-07
354;Diazoxide;1;2018-11-07;2018-11-07
355;Dibrompropamidine;1;2018-11-07;2018-11-07
356;Dichlorobenzyl alcohol + Amylmetacresol;1;2018-11-07;2018-11-07
357;Diclofenac;1;2018-11-07;2018-11-07
358;Diclofenac diethylammonium;1;2018-11-07;2018-11-07
359;Diclofenac potassium;1;2018-11-07;2018-11-07
360;Diclofenac sodium;1;2018-11-07;2018-11-07
361;Diclofenac sodium + Misoprostol;1;2018-11-07;2018-11-07
362;Dicycloverine;1;2018-11-07;2018-11-07
363;Diethyl phthalate + Methyl salicylate;1;2018-11-07;2018-11-07
364;Diethylamine salicylate;1;2018-11-07;2018-11-07
365;Diethylstilbestrol;1;2018-11-07;2018-11-07
366;Diflucortolone;1;2018-11-07;2018-11-07
367;Digoxin;1;2018-11-07;2018-11-07
368;Dihydrocodeine;1;2018-11-07;2018-11-07
369;Diltiazem;1;2018-11-07;2018-11-07
370;Dimethyl fumarate;1;2018-11-07;2018-11-07
371;Dimeticone;1;2018-11-07;2018-11-07
372;Dimeticone + Benzalkonium;1;2018-11-07;2018-11-07
373;Dimeticone + Cetrimide;1;2018-11-07;2018-11-07
374;Diphenhydramine;1;2018-11-07;2018-11-07
375;Diphtheria + Tetanus + Pertussis + Poliomyelitis + Haemophilus influenzae type B vaccine;1;2018-11-07;2018-11-07
376;Diphtheria + Tetanus + Pertussis + Poliomyelitis vaccine;1;2018-11-07;2018-11-07
377;Diphtheria + Tetanus + Poliomyelitis vaccine;1;2018-11-07;2018-11-07
378;Dipipanone + Cyclizine;1;2018-11-07;2018-11-07
379;Dipyridamole;1;2018-11-07;2018-11-07
380;Dipyridamole + Aspirin;1;2018-11-07;2018-11-07
381;Disopyramide;1;2018-11-07;2018-11-07
382;Distigmine;1;2018-11-07;2018-11-07
383;Disulfiram;1;2018-11-07;2018-11-07
384;Dithranol;1;2018-11-07;2018-11-07
385;Dithranol + Salicylic acid;1;2018-11-07;2018-11-07
386;Docusate;1;2018-11-07;2018-11-07
387;Domperidone;1;2018-11-07;2018-11-07
388;Donepezil;1;2018-11-07;2018-11-07
389;Dornase alfa;1;2018-11-07;2018-11-07
390;Dorzolamide;1;2018-11-07;2018-11-07
391;Dorzolamide + Timolol;1;2018-11-07;2018-11-07
392;Dosulepin;1;2018-11-07;2018-11-07
393;Doxazosin;1;2018-11-07;2018-11-07
394;Doxepin;1;2018-11-07;2018-11-07
395;Doxycycline;1;2018-11-07;2018-11-07
396;Dronabinol + Cannabidiol;1;2018-11-07;2018-11-07
397;Dronedarone;1;2018-11-07;2018-11-07
398;Dulaglutide;1;2018-11-07;2018-11-07
399;Duloxetine;1;2018-11-07;2018-11-07
400;Dutasteride;1;2018-11-07;2018-11-07
401;Econazole;1;2018-11-07;2018-11-07
402;Edoxaban;1;2018-11-07;2018-11-07
403;Efavirenz;1;2018-11-07;2018-11-07
404;Eflornithine;1;2018-11-07;2018-11-07
405;Eicosapentaenoic acid + Docosahexaenoic acid;1;2018-11-07;2018-11-07
406;Eletriptan;1;2018-11-07;2018-11-07
407;Emedastine;1;2018-11-07;2018-11-07
408;Empagliflozin;1;2018-11-07;2018-11-07
409;Empagliflozin + Metformin;1;2018-11-07;2018-11-07
410;Emulsifying ointment + Phenoxyethanol;1;2018-11-07;2018-11-07
411;Emulsifying wax + Liquid paraffin + White soft paraffin;1;2018-11-07;2018-11-07
412;Emulsifying wax + Yellow soft paraffin;1;2018-11-07;2018-11-07
413;Enalapril;1;2018-11-07;2018-11-07
414;Enalapril + Hydrochlorothiazide;1;2018-11-07;2018-11-07
415;Enoxaparin;1;2018-11-07;2018-11-07
416;Entacapone;1;2018-11-07;2018-11-07
417;Ephedrine;1;2018-11-07;2018-11-07
418;Ephedrine + Chlorphenamine;1;2018-11-07;2018-11-07
419;Epinastine;1;2018-11-07;2018-11-07
420;Eplerenone;1;2018-11-07;2018-11-07
421;Epoetin alfa;1;2018-11-07;2018-11-07
422;Epoetin beta;1;2018-11-07;2018-11-07
423;Eprosartan;1;2018-11-07;2018-11-07
424;Erdosteine;1;2018-11-07;2018-11-07
425;Ergocalciferol;1;2018-11-07;2018-11-07
426;Ergometrine + Oxytocin;1;2018-11-07;2018-11-07
427;Erlotinib;1;2018-11-07;2018-11-07
428;Ertapenem;1;2018-11-07;2018-11-07
429;Erythromycin;1;2018-11-07;2018-11-07
430;Erythromycin + Isotretinoin;1;2018-11-07;2018-11-07
431;Erythromycin + Tretinoin;1;2018-11-07;2018-11-07
432;Erythromycin + Zinc acetate;1;2018-11-07;2018-11-07
433;Erythromycin ethyl succinate;1;2018-11-07;2018-11-07
434;Erythromycin stearate;1;2018-11-07;2018-11-07
435;Escitalopram;1;2018-11-07;2018-11-07
436;Eslicarbazepine;1;2018-11-07;2018-11-07
437;Esomeprazole;1;2018-11-07;2018-11-07
438;Estradiol;1;2018-11-07;2018-11-07
439;Estradiol + Drospirenone;1;2018-11-07;2018-11-07
440;Estradiol + Dydrogesterone;1;2018-11-07;2018-11-07
441;Estradiol + Levonorgestrel;1;2018-11-07;2018-11-07
442;Estradiol + Medroxyprogesterone;1;2018-11-07;2018-11-07
443;Estradiol + Nomegestrol;1;2018-11-07;2018-11-07
444;Estradiol + Norethisterone;1;2018-11-07;2018-11-07
445;Estradiol + Norethisterone acetate;1;2018-11-07;2018-11-07
446;Estramustine;1;2018-11-07;2018-11-07
447;Estriol;1;2018-11-07;2018-11-07
448;Etamsylate;1;2018-11-07;2018-11-07
449;Etanercept;1;2018-11-07;2018-11-07
450;Ethambutol;1;2018-11-07;2018-11-07
451;Ethinylestradiol;1;2018-11-07;2018-11-07
452;Ethinylestradiol + Desogestrel;1;2018-11-07;2018-11-07
453;Ethinylestradiol + Drospirenone;1;2018-11-07;2018-11-07
454;Ethinylestradiol + Etonogestrel;1;2018-11-07;2018-11-07
455;Ethinylestradiol + Gestodene;1;2018-11-07;2018-11-07
456;Ethinylestradiol + Levonorgestrel;1;2018-11-07;2018-11-07
457;Ethinylestradiol + Norelgestromin;1;2018-11-07;2018-11-07
458;Ethinylestradiol + Norethisterone;1;2018-11-07;2018-11-07
459;Ethinylestradiol + Norethisterone acetate;1;2018-11-07;2018-11-07
460;Ethinylestradiol + Norgestimate;1;2018-11-07;2018-11-07
461;Ethosuximide;1;2018-11-07;2018-11-07
462;Etodolac;1;2018-11-07;2018-11-07
463;Etonogestrel;1;2018-11-07;2018-11-07
464;Etoricoxib;1;2018-11-07;2018-11-07
465;Etynodiol;1;2018-11-07;2018-11-07
466;Eucalyptus oil;1;2018-11-07;2018-11-07
467;Everolimus;1;2018-11-07;2018-11-07
468;Evolocumab;1;2018-11-07;2018-11-07
469;Exemestane;1;2018-11-07;2018-11-07
470;Exenatide;1;2018-11-07;2018-11-07
471;Ezetimibe;1;2018-11-07;2018-11-07
472;Famciclovir;1;2018-11-07;2018-11-07
473;Famotidine;1;2018-11-07;2018-11-07
474;Febuxostat;1;2018-11-07;2018-11-07
475;Felbinac;1;2018-11-07;2018-11-07
476;Felodipine;1;2018-11-07;2018-11-07
477;Felodipine + Ramipril;1;2018-11-07;2018-11-07
478;Fenofibrate + Simvastatin;1;2018-11-07;2018-11-07
479;Fenofibrate micronised;1;2018-11-07;2018-11-07
480;Fenoprofen;1;2018-11-07;2018-11-07
481;Fentanyl;1;2018-11-07;2018-11-07
482;Ferric chloride;1;2018-11-07;2018-11-07
483;Ferric maltol;1;2018-11-07;2018-11-07
484;Ferrous fumarate;1;2018-11-07;2018-11-07
485;Ferrous fumarate + Folic acid;1;2018-11-07;2018-11-07
486;Ferrous gluconate;1;2018-11-07;2018-11-07
487;Ferrous sulfate;1;2018-11-07;2018-11-07
488;Ferrous sulfate + Ascorbic acid;1;2018-11-07;2018-11-07
489;Ferrous sulfate + Folic acid;1;2018-11-07;2018-11-07
490;Fesoterodine;1;2018-11-07;2018-11-07
491;Fexofenadine;1;2018-11-07;2018-11-07
492;Filgrastim;1;2018-11-07;2018-11-07
493;Finasteride;1;2018-11-07;2018-11-07
494;Fish oil;1;2018-11-07;2018-11-07
495;Flavoxate;1;2018-11-07;2018-11-07
496;Flecainide;1;2018-11-07;2018-11-07
497;Flucloxacillin;1;2018-11-07;2018-11-07
498;Fluconazole;1;2018-11-07;2018-11-07
499;Fludrocortisone;1;2018-11-07;2018-11-07
500;Fludroxycortide;1;2018-11-07;2018-11-07
501;Flumazenil;1;2018-11-07;2018-11-07
502;Flumetasone + Clioquinol;1;2018-11-07;2018-11-07
503;Fluocinolone acetonide;1;2018-11-07;2018-11-07
504;Fluocinolone acetonide + Clioquinol;1;2018-11-07;2018-11-07
505;Fluocinolone acetonide + Neomycin;1;2018-11-07;2018-11-07
506;Fluocinonide;1;2018-11-07;2018-11-07
507;Fluocortolone + Fluocortolone hexanoate;1;2018-11-07;2018-11-07
508;Fluocortolone hexanoate + Fluocortolone pivalate;1;2018-11-07;2018-11-07
509;Fluorescein;1;2018-11-07;2018-11-07
510;Fluorometholone;1;2018-11-07;2018-11-07
511;Fluorouracil;1;2018-11-07;2018-11-07
512;Fluorouracil + Salicylic acid;1;2018-11-07;2018-11-07
513;Fluoxetine;1;2018-11-07;2018-11-07
514;Flupentixol decanoate;1;2018-11-07;2018-11-07
515;Flupentixol dihydrochloride;1;2018-11-07;2018-11-07
516;Fluphenazine decanoate;1;2018-11-07;2018-11-07
517;Flurbiprofen;1;2018-11-07;2018-11-07
518;Flutamide;1;2018-11-07;2018-11-07
519;Fluticasone;1;2018-11-07;2018-11-07
520;Fluticasone + Azelastine;1;2018-11-07;2018-11-07
521;Fluticasone + Formoterol;1;2018-11-07;2018-11-07
522;Fluticasone + Salmeterol;1;2018-11-07;2018-11-07
523;Fluticasone + Umeclidinium bromide + Vilanterol;1;2018-11-07;2018-11-07
524;Fluticasone + Vilanterol;1;2018-11-07;2018-11-07
525;Fluvastatin;1;2018-11-07;2018-11-07
526;Fluvoxamine;1;2018-11-07;2018-11-07
527;Folic acid;1;2018-11-07;2018-11-07
528;Folinic acid;1;2018-11-07;2018-11-07
529;Follitropin alfa;1;2018-11-07;2018-11-07
530;Follitropin alfa + Lutropin alfa;1;2018-11-07;2018-11-07
531;Follitropin beta;1;2018-11-07;2018-11-07
532;Fondaparinux;1;2018-11-07;2018-11-07
533;Fondaparinux sodium;1;2018-11-07;2018-11-07
534;Formaldehyde;1;2018-11-07;2018-11-07
535;Formoterol;1;2018-11-07;2018-11-07
536;Fosfomycin;1;2018-11-07;2018-11-07
537;Fosinopril;1;2018-11-07;2018-11-07
538;Fosphenytoin;1;2018-11-07;2018-11-07
539;Frovatriptan;1;2018-11-07;2018-11-07
540;Fulvestrant;1;2018-11-07;2018-11-07
541;Furosemide;1;2018-11-07;2018-11-07
542;Fusidic acid;1;2018-11-07;2018-11-07
543;Gabapentin;1;2018-11-07;2018-11-07
544;Galantamine;1;2018-11-07;2018-11-07
545;Gamolenic acid;1;2018-11-07;2018-11-07
546;Ganciclovir;1;2018-11-07;2018-11-07
547;Gemfibrozil;1;2018-11-07;2018-11-07
548;Gentamicin;1;2018-11-07;2018-11-07
549;Glibenclamide;1;2018-11-07;2018-11-07
550;Gliclazide;1;2018-11-07;2018-11-07
551;Glimepiride;1;2018-11-07;2018-11-07
552;Glipizide;1;2018-11-07;2018-11-07
553;Glucagon;1;2018-11-07;2018-11-07
554;Glucosamine hydrochloride;1;2018-11-07;2018-11-07
555;Glucosamine hydrochloride + Chondroitin;1;2018-11-07;2018-11-07
556;Glucosamine sulfate;1;2018-11-07;2018-11-07
557;Glucosamine sulfate + Chondroitin;1;2018-11-07;2018-11-07
558;Glucose;1;2018-11-07;2018-11-07
559;Glucose + Glycerol;1;2018-11-07;2018-11-07
560;Glutaraldehyde;1;2018-11-07;2018-11-07
561;Glycerol;1;2018-11-07;2018-11-07
562;Glycerol + Magnesium sulfate + Phenol;1;2018-11-07;2018-11-07
563;Glyceryl trinitrate;1;2018-11-07;2018-11-07
564;Glycopyrronium;1;2018-11-07;2018-11-07
565;Goserelin;1;2018-11-07;2018-11-07
566;Granisetron;1;2018-11-07;2018-11-07
567;Grass pollen;1;2018-11-07;2018-11-07
568;Griseofulvin;1;2018-11-07;2018-11-07
569;Guaifenesin;1;2018-11-07;2018-11-07
570;Guaifenesin + Menthol;1;2018-11-07;2018-11-07
571;Guanfacine;1;2018-11-07;2018-11-07
572;Haemophilus influenzae type b + Meningococcal group C vaccine;1;2018-11-07;2018-11-07
573;Halogenated phenols + Phenol;1;2018-11-07;2018-11-07
574;Haloperidol;1;2018-11-07;2018-11-07
575;Haloperidol decanoate;1;2018-11-07;2018-11-07
576;Hamamelis;1;2018-11-07;2018-11-07
577;Hamamelis + Naphazoline;1;2018-11-07;2018-11-07
578;Heparin;1;2018-11-07;2018-11-07
579;Heparinoid;1;2018-11-07;2018-11-07
580;Hepatitis A + B vaccine;1;2018-11-07;2018-11-07
581;Hepatitis A + Typhoid vaccine;1;2018-11-07;2018-11-07
582;Hepatitis A vaccine;1;2018-11-07;2018-11-07
583;Hepatitis B vaccine;1;2018-11-07;2018-11-07
584;Hexetidine;1;2018-11-07;2018-11-07
585;Hexylresorcinol;1;2018-11-07;2018-11-07
586;Homeopathic apis mellifica + Homeopathic belladonna;1;2018-11-07;2018-11-07
587;Homeopathic arnica montana;1;2018-11-07;2018-11-07
588;Homeopathic arnica montana + Homeopathic urtica urens;1;2018-11-07;2018-11-07
589;Homeopathic chamomilla;1;2018-11-07;2018-11-07
590;Homeopathic dulcamara + Homeopathic lysimachia nummularia;1;2018-11-07;2018-11-07
591;Honey;1;2018-11-07;2018-11-07
592;Human papillomavirus vaccine;1;2018-11-07;2018-11-07
593;Hyaluronidase;1;2018-11-07;2018-11-07
594;Hydralazine;1;2018-11-07;2018-11-07
595;Hydrochlorothiazide + Quinapril;1;2018-11-07;2018-11-07
596;Hydrocortisone;1;2018-11-07;2018-11-07
597;Hydrocortisone + Clotrimazole;1;2018-11-07;2018-11-07
598;Hydrocortisone + Crotamiton;1;2018-11-07;2018-11-07
599;Hydrocortisone + Fusidic acid;1;2018-11-07;2018-11-07
600;Hydrocortisone + Gentamicin;1;2018-11-07;2018-11-07
601;Hydrocortisone + Miconazole;1;2018-11-07;2018-11-07
602;Hydrocortisone + Pramocaine;1;2018-11-07;2018-11-07
603;Hydrocortisone + Urea;1;2018-11-07;2018-11-07
604;Hydrocortisone butyrate;1;2018-11-07;2018-11-07
605;Hydrogen peroxide;1;2018-11-07;2018-11-07
606;Hydromorphone;1;2018-11-07;2018-11-07
607;Hydroxocobalamin;1;2018-11-07;2018-11-07
608;Hydroxycarbamide;1;2018-11-07;2018-11-07
609;Hydroxychloroquine;1;2018-11-07;2018-11-07
610;Hydroxyethyl salicylate + Methyl nicotinate;1;2018-11-07;2018-11-07
611;Hydroxyzine;1;2018-11-07;2018-11-07
612;Hyetellose;1;2018-11-07;2018-11-07
613;Hyoscine (base);1;2018-11-07;2018-11-07
614;Hyoscine butylbromide;1;2018-11-07;2018-11-07
615;Hyoscine hydrobromide;1;2018-11-07;2018-11-07
616;Hypochlorite;1;2018-11-07;2018-11-07
617;Hypromellose;1;2018-11-07;2018-11-07
618;Hypromellose + Dextran 70;1;2018-11-07;2018-11-07
619;Ibandronic acid;1;2018-11-07;2018-11-07
620;Ibuprofen;1;2018-11-07;2018-11-07
621;Ibuprofen + Codeine;1;2018-11-07;2018-11-07
622;Ibuprofen + Levomenthol;1;2018-11-07;2018-11-07
623;Ibuprofen + Pseudoephedrine;1;2018-11-07;2018-11-07
624;Ichthammol;1;2018-11-07;2018-11-07
625;Ichthammol + Zinc oxide;1;2018-11-07;2018-11-07
626;Idoxuridine;1;2018-11-07;2018-11-07
627;Imatinib;1;2018-11-07;2018-11-07
628;Imidapril;1;2018-11-07;2018-11-07
629;Imipenem + Cilastatin;1;2018-11-07;2018-11-07
630;Imipramine;1;2018-11-07;2018-11-07
631;Imiquimod;1;2018-11-07;2018-11-07
632;Indacaterol;1;2018-11-07;2018-11-07
633;Indacaterol + Glycopyrronium;1;2018-11-07;2018-11-07
634;Indapamide;1;2018-11-07;2018-11-07
635;Indinavir;1;2018-11-07;2018-11-07
636;Indometacin;1;2018-11-07;2018-11-07
637;Indoramin;1;2018-11-07;2018-11-07
638;Industrial methylated spirit + Povidone-Iodine;1;2018-11-07;2018-11-07
639;Industrial methylated spirit + Soft soap;1;2018-11-07;2018-11-07
640;Infliximab;1;2018-11-07;2018-11-07
641;Influenza vaccine;1;2018-11-07;2018-11-07
642;Ingenol mebutate;1;2018-11-07;2018-11-07
643;Inosine acedoben dimepranol;1;2018-11-07;2018-11-07
644;Inositol nicotinate;1;2018-11-07;2018-11-07
645;Insulin aspart;1;2018-11-07;2018-11-07
646;Insulin aspart biphasic;1;2018-11-07;2018-11-07
647;Insulin degludec;1;2018-11-07;2018-11-07
648;Insulin degludec + Liraglutide;1;2018-11-07;2018-11-07
649;Insulin detemir;1;2018-11-07;2018-11-07
650;Insulin glargine;1;2018-11-07;2018-11-07
651;Insulin glulisine;1;2018-11-07;2018-11-07
652;Insulin isophane biphasic human;1;2018-11-07;2018-11-07
653;Insulin isophane biphasic porcine;1;2018-11-07;2018-11-07
654;Insulin isophane bovine;1;2018-11-07;2018-11-07
655;Insulin isophane human;1;2018-11-07;2018-11-07
656;Insulin isophane porcine;1;2018-11-07;2018-11-07
657;Insulin lispro;1;2018-11-07;2018-11-07
658;Insulin lispro biphasic;1;2018-11-07;2018-11-07
659;Insulin mixed bovine;1;2018-11-07;2018-11-07
660;Insulin protamine zinc bovine;1;2018-11-07;2018-11-07
661;Insulin soluble bovine;1;2018-11-07;2018-11-07
662;Insulin soluble human;1;2018-11-07;2018-11-07
663;Insulin soluble porcine;1;2018-11-07;2018-11-07
664;Interferon alfa-2a;1;2018-11-07;2018-11-07
665;Interferon alfa-2b;1;2018-11-07;2018-11-07
666;Interferon beta-1a;1;2018-11-07;2018-11-07
667;Ipratropium;1;2018-11-07;2018-11-07
668;Irbesartan;1;2018-11-07;2018-11-07
669;Irbesartan + Hydrochlorothiazide;1;2018-11-07;2018-11-07
670;Iron dextran;1;2018-11-07;2018-11-07
671;Iron sucrose;1;2018-11-07;2018-11-07
672;Isocarboxazid;1;2018-11-07;2018-11-07
673;Isoniazid;1;2018-11-07;2018-11-07
674;Isopropyl alcohol;1;2018-11-07;2018-11-07
675;Isosorbide dinitrate;1;2018-11-07;2018-11-07
676;Isosorbide mononitrate;1;2018-11-07;2018-11-07
677;Isotretinoin;1;2018-11-07;2018-11-07
678;Isotretinoin + Erythromycin;1;2018-11-07;2018-11-07
679;Ispaghula husk;1;2018-11-07;2018-11-07
680;Ispaghula husk + Mebeverine;1;2018-11-07;2018-11-07
681;Isradipine;1;2018-11-07;2018-11-07
682;Itraconazole;1;2018-11-07;2018-11-07
683;Ivabradine;1;2018-11-07;2018-11-07
684;Ivermectin;1;2018-11-07;2018-11-07
685;Japanese encephalitis vaccine;1;2018-11-07;2018-11-07
686;Kaolin;1;2018-11-07;2018-11-07
687;Kaolin + Morphine;1;2018-11-07;2018-11-07
688;Ketamine;1;2018-11-07;2018-11-07
689;Ketoconazole;1;2018-11-07;2018-11-07
690;Ketoprofen;1;2018-11-07;2018-11-07
691;Ketoprofen + Omeprazole;1;2018-11-07;2018-11-07
692;Ketorolac;1;2018-11-07;2018-11-07
693;Ketotifen;1;2018-11-07;2018-11-07
694;L-Phenylalanine;1;2018-11-07;2018-11-07
695;LYMPHOEDEMA GARMENT;1;2018-11-07;2018-11-07
696;LYMPHOEDEMA GARMENTS;1;2018-11-07;2018-11-07
697;Labetalol;1;2018-11-07;2018-11-07
698;Lacidipine;1;2018-11-07;2018-11-07
699;Lacosamide;1;2018-11-07;2018-11-07
700;Lactic acid;1;2018-11-07;2018-11-07
701;Lactobacillus;1;2018-11-07;2018-11-07
702;Lactulose;1;2018-11-07;2018-11-07
703;Lamivudine;1;2018-11-07;2018-11-07
704;Lamotrigine;1;2018-11-07;2018-11-07
705;Lanreotide;1;2018-11-07;2018-11-07
706;Lansoprazole;1;2018-11-07;2018-11-07
707;Lanthanum carbonate;1;2018-11-07;2018-11-07
708;Lapatinib;1;2018-11-07;2018-11-07
709;Latanoprost;1;2018-11-07;2018-11-07
710;Latanoprost + Timolol;1;2018-11-07;2018-11-07
711;Lauromacrogol 400 + Heparinoid;1;2018-11-07;2018-11-07
712;Lavender oil;1;2018-11-07;2018-11-07
713;Leflunomide;1;2018-11-07;2018-11-07
714;Lercanidipine;1;2018-11-07;2018-11-07
715;Letrozole;1;2018-11-07;2018-11-07
716;Leuprorelin;1;2018-11-07;2018-11-07
717;Levetiracetam;1;2018-11-07;2018-11-07
718;Levobunolol;1;2018-11-07;2018-11-07
719;Levocarnitine;1;2018-11-07;2018-11-07
720;Levocetirizine;1;2018-11-07;2018-11-07
721;Levodopa + Carbidopa + Entacapone;1;2018-11-07;2018-11-07
722;Levofloxacin;1;2018-11-07;2018-11-07
723;Levofolinic acid;1;2018-11-07;2018-11-07
724;Levomepromazine;1;2018-11-07;2018-11-07
725;Levonorgestrel;1;2018-11-07;2018-11-07
726;Levothyroxine;1;2018-11-07;2018-11-07
727;Lidocaine;1;2018-11-07;2018-11-07
728;Lidocaine + Adrenaline;1;2018-11-07;2018-11-07
729;Lidocaine + Aminoacridine;1;2018-11-07;2018-11-07
730;Lidocaine + Cetalkonium;1;2018-11-07;2018-11-07
731;Lidocaine + Cetylpyridinium;1;2018-11-07;2018-11-07
732;Lidocaine + Chlorhexidine;1;2018-11-07;2018-11-07
733;Lidocaine + Hydrocortisone;1;2018-11-07;2018-11-07
734;Lidocaine + Phenylephrine;1;2018-11-07;2018-11-07
735;Lidocaine + Prilocaine;1;2018-11-07;2018-11-07
736;Linaclotide;1;2018-11-07;2018-11-07
737;Linagliptin;1;2018-11-07;2018-11-07
738;Linagliptin + Metformin;1;2018-11-07;2018-11-07
739;Linezolid;1;2018-11-07;2018-11-07
740;Linseed oil;1;2018-11-07;2018-11-07
741;Liothyronine;1;2018-11-07;2018-11-07
742;Liquid paraffin;1;2018-11-07;2018-11-07
743;Liquid paraffin + Acetylated wool alcohols;1;2018-11-07;2018-11-07
744;Liquid paraffin + Isopropyl myristate;1;2018-11-07;2018-11-07
745;Liquid paraffin + Magnesium hydroxide;1;2018-11-07;2018-11-07
746;Liquorice;1;2018-11-07;2018-11-07
747;Liraglutide;1;2018-11-07;2018-11-07
748;Lisdexamfetamine;1;2018-11-07;2018-11-07
749;Lisinopril;1;2018-11-07;2018-11-07
750;Lisinopril + Hydrochlorothiazide;1;2018-11-07;2018-11-07
751;Lithium carbonate;1;2018-11-07;2018-11-07
752;Lithium citrate;1;2018-11-07;2018-11-07
753;Lixisenatide;1;2018-11-07;2018-11-07
754;Lodoxamide;1;2018-11-07;2018-11-07
755;Lofepramine;1;2018-11-07;2018-11-07
756;Lofexidine;1;2018-11-07;2018-11-07
757;Loperamide;1;2018-11-07;2018-11-07
758;Lopinavir + Ritonavir;1;2018-11-07;2018-11-07
759;Loprazolam;1;2018-11-07;2018-11-07
760;Loratadine;1;2018-11-07;2018-11-07
761;Lorazepam;1;2018-11-07;2018-11-07
762;Lormetazepam;1;2018-11-07;2018-11-07
763;Losartan;1;2018-11-07;2018-11-07
764;Losartan + Hydrochlorothiazide;1;2018-11-07;2018-11-07
765;Loteprednol;1;2018-11-07;2018-11-07
766;Lubiprostone;1;2018-11-07;2018-11-07
767;Lurasidone;1;2018-11-07;2018-11-07
768;Lutropin alfa;1;2018-11-07;2018-11-07
769;Lymecycline;1;2018-11-07;2018-11-07
770;Macrogol 3350;1;2018-11-07;2018-11-07
771;Macrogol 4000;1;2018-11-07;2018-11-07
772;Magnesium aspartate;1;2018-11-07;2018-11-07
773;Magnesium carbonate;1;2018-11-07;2018-11-07
774;Magnesium carbonate + Magnesium trisilicate + Sodium bicarbonate;1;2018-11-07;2018-11-07
775;Magnesium citrate;1;2018-11-07;2018-11-07
776;Magnesium glycerophosphate;1;2018-11-07;2018-11-07
777;Magnesium hydroxide;1;2018-11-07;2018-11-07
778;Magnesium oxide;1;2018-11-07;2018-11-07
779;Magnesium sulfate;1;2018-11-07;2018-11-07
780;Maize starch;1;2018-11-07;2018-11-07
781;Malathion;1;2018-11-07;2018-11-07
782;Measles + Mumps + Rubella vaccine;1;2018-11-07;2018-11-07
783;Mebendazole;1;2018-11-07;2018-11-07
784;Mebeverine;1;2018-11-07;2018-11-07
785;Mecysteine;1;2018-11-07;2018-11-07
786;Medium-chain triglycerides;1;2018-11-07;2018-11-07
787;Medroxyprogesterone;1;2018-11-07;2018-11-07
788;Mefenamic acid;1;2018-11-07;2018-11-07
789;Mefloquine;1;2018-11-07;2018-11-07
790;Megestrol;1;2018-11-07;2018-11-07
791;Melatonin;1;2018-11-07;2018-11-07
792;Meloxicam;1;2018-11-07;2018-11-07
793;Melphalan;1;2018-11-07;2018-11-07
794;Memantine;1;2018-11-07;2018-11-07
795;Menadiol;1;2018-11-07;2018-11-07
796;Meningococcal group B vaccine;1;2018-11-07;2018-11-07
797;Meningococcal groups A + C + W135 + Y vaccine;1;2018-11-07;2018-11-07
798;Menotrophin;1;2018-11-07;2018-11-07
799;Menthol;1;2018-11-07;2018-11-07
800;Menthol + Eucalyptus;1;2018-11-07;2018-11-07
801;Meprobamate;1;2018-11-07;2018-11-07
802;Meptazinol;1;2018-11-07;2018-11-07
803;Mepyramine;1;2018-11-07;2018-11-07
804;Mercaptamine;1;2018-11-07;2018-11-07
805;Mercaptopurine;1;2018-11-07;2018-11-07
806;Meropenem;1;2018-11-07;2018-11-07
807;Mesalazine;1;2018-11-07;2018-11-07
808;Mesterolone;1;2018-11-07;2018-11-07
809;Mestranol + Norethisterone;1;2018-11-07;2018-11-07
810;Metformin;1;2018-11-07;2018-11-07
811;Methadone;1;2018-11-07;2018-11-07
812;Methenamine;1;2018-11-07;2018-11-07
813;Methocarbamol;1;2018-11-07;2018-11-07
814;Methotrexate;1;2018-11-07;2018-11-07
815;Methoxy polyethylene glycol-epoetin beta;1;2018-11-07;2018-11-07
816;Methyl salicylate;1;2018-11-07;2018-11-07
817;Methyl salicylate + Menthol;1;2018-11-07;2018-11-07
818;Methylcellulose;1;2018-11-07;2018-11-07
819;Methyldopa;1;2018-11-07;2018-11-07
820;Methylnaltrexone bromide;1;2018-11-07;2018-11-07
821;Methylphenidate;1;2018-11-07;2018-11-07
822;Methylprednisolone;1;2018-11-07;2018-11-07
823;Methylprednisolone + Lidocaine;1;2018-11-07;2018-11-07
824;Methylprednisolone acetate;1;2018-11-07;2018-11-07
825;Methylprednisolone sodium succinate;1;2018-11-07;2018-11-07
826;Metoclopramide;1;2018-11-07;2018-11-07
827;Metoprolol;1;2018-11-07;2018-11-07
828;Metronidazole;1;2018-11-07;2018-11-07
829;Metyrapone;1;2018-11-07;2018-11-07
830;Mianserin;1;2018-11-07;2018-11-07
831;Micafungin;1;2018-11-07;2018-11-07
832;Miconazole;1;2018-11-07;2018-11-07
833;Midazolam;1;2018-11-07;2018-11-07
834;Midodrine;1;2018-11-07;2018-11-07
835;Milrinone;1;2018-11-07;2018-11-07
836;Minocycline;1;2018-11-07;2018-11-07
837;Minoxidil;1;2018-11-07;2018-11-07
838;Mirabegron;1;2018-11-07;2018-11-07
839;Mirtazapine;1;2018-11-07;2018-11-07
840;Misoprostol;1;2018-11-07;2018-11-07
841;Mizolastine;1;2018-11-07;2018-11-07
842;Moclobemide;1;2018-11-07;2018-11-07
843;Modafinil;1;2018-11-07;2018-11-07
844;Moexipril;1;2018-11-07;2018-11-07
845;Mometasone;1;2018-11-07;2018-11-07
846;Montelukast;1;2018-11-07;2018-11-07
847;Moroctocog alfa;1;2018-11-07;2018-11-07
848;Morphine;1;2018-11-07;2018-11-07
849;Morphine + Cyclizine;1;2018-11-07;2018-11-07
850;Moxifloxacin;1;2018-11-07;2018-11-07
851;Moxisylyte;1;2018-11-07;2018-11-07
852;Moxonidine;1;2018-11-07;2018-11-07
853;Mucin + Xylitol;1;2018-11-07;2018-11-07
854;Mupirocin;1;2018-11-07;2018-11-07
855;Mycophenolate mofetil;1;2018-11-07;2018-11-07
856;Mycophenolic acid;1;2018-11-07;2018-11-07
857;Nabilone;1;2018-11-07;2018-11-07
858;Nabumetone;1;2018-11-07;2018-11-07
859;Nadolol;1;2018-11-07;2018-11-07
860;Nafarelin;1;2018-11-07;2018-11-07
861;Naftidrofuryl;1;2018-11-07;2018-11-07
862;Nalmefene;1;2018-11-07;2018-11-07
863;Naloxegol;1;2018-11-07;2018-11-07
864;Naloxone;1;2018-11-07;2018-11-07
865;Naltrexone;1;2018-11-07;2018-11-07
866;Naltrexone + Bupropion;1;2018-11-07;2018-11-07
867;Nandrolone;1;2018-11-07;2018-11-07
868;Naphazoline;1;2018-11-07;2018-11-07
869;Naproxen;1;2018-11-07;2018-11-07
870;Naproxen + Esomeprazole;1;2018-11-07;2018-11-07
871;Naratriptan;1;2018-11-07;2018-11-07
872;Nateglinide;1;2018-11-07;2018-11-07
873;Nebivolol;1;2018-11-07;2018-11-07
874;Nedocromil;1;2018-11-07;2018-11-07
875;Nefopam;1;2018-11-07;2018-11-07
876;Nelfinavir;1;2018-11-07;2018-11-07
877;Neomycin;1;2018-11-07;2018-11-07
878;Neomycin + Chlorhexidine;1;2018-11-07;2018-11-07
879;Neostigmine;1;2018-11-07;2018-11-07
880;Nepafenac;1;2018-11-07;2018-11-07
881;Nevirapine;1;2018-11-07;2018-11-07
882;Nicardipine;1;2018-11-07;2018-11-07
883;Nicorandil;1;2018-11-07;2018-11-07
884;Nicotinamide;1;2018-11-07;2018-11-07
885;Nicotinamide + Riboflavine + Thiamine;1;2018-11-07;2018-11-07
886;Nicotine;1;2018-11-07;2018-11-07
887;Nicotinic acid + Laropiprant;1;2018-11-07;2018-11-07
888;Nifedipine;1;2018-11-07;2018-11-07
889;Nimodipine;1;2018-11-07;2018-11-07
890;Nitrazepam;1;2018-11-07;2018-11-07
891;Nitrofurantoin;1;2018-11-07;2018-11-07
892;Nizatidine;1;2018-11-07;2018-11-07
893;Nonoxinol;1;2018-11-07;2018-11-07
894;Norethisterone;1;2018-11-07;2018-11-07
895;Norethisterone enantate;1;2018-11-07;2018-11-07
896;Norfloxacin;1;2018-11-07;2018-11-07
897;Nortriptyline;1;2018-11-07;2018-11-07
898;Nystatin;1;2018-11-07;2018-11-07
899;Nystatin + Chlorhexidine;1;2018-11-07;2018-11-07
900;Nystatin + Chlorhexidine + Hydrocortisone;1;2018-11-07;2018-11-07
901;Octreotide;1;2018-11-07;2018-11-07
902;Ofloxacin;1;2018-11-07;2018-11-07
903;Olanzapine;1;2018-11-07;2018-11-07
904;Olanzapine embonate;1;2018-11-07;2018-11-07
905;Olive oil;1;2018-11-07;2018-11-07
906;Olmesartan;1;2018-11-07;2018-11-07
907;Olmesartan + Amlodipine;1;2018-11-07;2018-11-07
908;Olmesartan + Amlodipine + Hydrochlorothiazide;1;2018-11-07;2018-11-07
909;Olmesartan + Hydrochlorothiazide;1;2018-11-07;2018-11-07
910;Olodaterol;1;2018-11-07;2018-11-07
911;Olopatadine;1;2018-11-07;2018-11-07
912;Olsalazine;1;2018-11-07;2018-11-07
913;Omeprazole;1;2018-11-07;2018-11-07
914;Ondansetron;1;2018-11-07;2018-11-07
915;Opicapone;1;2018-11-07;2018-11-07
916;Orlistat;1;2018-11-07;2018-11-07
917;Orphenadrine;1;2018-11-07;2018-11-07
918;Oseltamivir;1;2018-11-07;2018-11-07
919;Oxaliplatin;1;2018-11-07;2018-11-07
920;Oxazepam;1;2018-11-07;2018-11-07
921;Oxcarbazepine;1;2018-11-07;2018-11-07
922;Oxerutins;1;2018-11-07;2018-11-07
923;Oxprenolol;1;2018-11-07;2018-11-07
924;Oxybutynin;1;2018-11-07;2018-11-07
925;Oxycodone;1;2018-11-07;2018-11-07
926;Oxycodone + Naloxone;1;2018-11-07;2018-11-07
927;Oxytetracycline;1;2018-11-07;2018-11-07
928;Oxytetracycline + Hydrocortisone;1;2018-11-07;2018-11-07
929;Paliperidone;1;2018-11-07;2018-11-07
930;Pancreatin;1;2018-11-07;2018-11-07
931;Pantoprazole;1;2018-11-07;2018-11-07
932;Paracetamol;1;2018-11-07;2018-11-07
933;Paracetamol + Dihydrocodeine;1;2018-11-07;2018-11-07
934;Paracetamol + Ibuprofen;1;2018-11-07;2018-11-07
935;Paracetamol + Isometheptene;1;2018-11-07;2018-11-07
936;Paracetamol + Metoclopramide;1;2018-11-07;2018-11-07
937;Paracetamol + Pseudoephedrine;1;2018-11-07;2018-11-07
938;Paraffin hard;1;2018-11-07;2018-11-07
939;Parecoxib;1;2018-11-07;2018-11-07
940;Paricalcitol;1;2018-11-07;2018-11-07
941;Paroxetine;1;2018-11-07;2018-11-07
942;Penciclovir;1;2018-11-07;2018-11-07
943;Penicillamine;1;2018-11-07;2018-11-07
944;Pentazocine;1;2018-11-07;2018-11-07
945;Pentoxifylline;1;2018-11-07;2018-11-07
946;Peppermint oil;1;2018-11-07;2018-11-07
947;Perampanel;1;2018-11-07;2018-11-07
948;Pergolide;1;2018-11-07;2018-11-07
949;Pericyazine;1;2018-11-07;2018-11-07
950;Perindopril arginine;1;2018-11-07;2018-11-07
951;Perindopril arginine + Indapamide;1;2018-11-07;2018-11-07
952;Perindopril erbumine;1;2018-11-07;2018-11-07
953;Perindopril erbumine + Amlodipine;1;2018-11-07;2018-11-07
954;Permethrin;1;2018-11-07;2018-11-07
955;Perphenazine;1;2018-11-07;2018-11-07
956;Pethidine;1;2018-11-07;2018-11-07
957;Phenelzine;1;2018-11-07;2018-11-07
958;Phenindione;1;2018-11-07;2018-11-07
959;Phenobarbital;1;2018-11-07;2018-11-07
960;Phenobarbital sodium;1;2018-11-07;2018-11-07
961;Phenol + Chlorhexidine;1;2018-11-07;2018-11-07
962;Phenoxybenzamine;1;2018-11-07;2018-11-07
963;Phenoxymethylpenicillin;1;2018-11-07;2018-11-07
964;Phentolamine + Aviptadil;1;2018-11-07;2018-11-07
965;Phenylephrine;1;2018-11-07;2018-11-07
966;Phenytoin;1;2018-11-07;2018-11-07
967;Phenytoin sodium;1;2018-11-07;2018-11-07
968;Pholcodine;1;2018-11-07;2018-11-07
969;Phytomenadione;1;2018-11-07;2018-11-07
970;Pilocarpine;1;2018-11-07;2018-11-07
971;Pimecrolimus;1;2018-11-07;2018-11-07
972;Pimozide;1;2018-11-07;2018-11-07
973;Pindolol;1;2018-11-07;2018-11-07
974;Pindolol + Clopamide;1;2018-11-07;2018-11-07
975;Pioglitazone;1;2018-11-07;2018-11-07
976;Pioglitazone + Metformin;1;2018-11-07;2018-11-07
977;Piperacillin + Tazobactam;1;2018-11-07;2018-11-07
978;Pipotiazine;1;2018-11-07;2018-11-07
979;Piracetam;1;2018-11-07;2018-11-07
980;Piroxicam;1;2018-11-07;2018-11-07
981;Piroxicam betadex;1;2018-11-07;2018-11-07
982;Pivmecillinam;1;2018-11-07;2018-11-07
983;Pizotifen;1;2018-11-07;2018-11-07
984;Pneumococcal vaccine;1;2018-11-07;2018-11-07
985;Podophyllotoxin;1;2018-11-07;2018-11-07
986;Polihexanide;1;2018-11-07;2018-11-07
987;Polymyxin B + Bacitracin;1;2018-11-07;2018-11-07
988;Polysaccharide-iron complex;1;2018-11-07;2018-11-07
989;Polyvinyl alcohol;1;2018-11-07;2018-11-07
990;Posaconazole;1;2018-11-07;2018-11-07
991;Potassium acid tartrate + Potassium bicarbonate;1;2018-11-07;2018-11-07
992;Potassium aminobenzoate;1;2018-11-07;2018-11-07
993;Potassium bicarbonate + Potassium chloride;1;2018-11-07;2018-11-07
994;Potassium chloride;1;2018-11-07;2018-11-07
995;Potassium citrate;1;2018-11-07;2018-11-07
996;Potassium citrate + Citric acid;1;2018-11-07;2018-11-07
997;Potassium hydroxide;1;2018-11-07;2018-11-07
998;Potassium permanganate;1;2018-11-07;2018-11-07
999;Povidone;1;2018-11-07;2018-11-07
1000;Povidone-Iodine;1;2018-11-07;2018-11-07
1001;Pramipexole;1;2018-11-07;2018-11-07
1002;Prasugrel;1;2018-11-07;2018-11-07
1003;Pravastatin;1;2018-11-07;2018-11-07
1004;Prazosin;1;2018-11-07;2018-11-07
1005;Prednisolone;1;2018-11-07;2018-11-07
1006;Prednisone;1;2018-11-07;2018-11-07
1007;Pregabalin;1;2018-11-07;2018-11-07
1008;Primidone;1;2018-11-07;2018-11-07
1009;Prochlorperazine;1;2018-11-07;2018-11-07
1010;Procyclidine;1;2018-11-07;2018-11-07
1011;Progesterone;1;2018-11-07;2018-11-07
1012;Proguanil;1;2018-11-07;2018-11-07
1013;Proguanil + Atovaquone;1;2018-11-07;2018-11-07
1014;Promazine;1;2018-11-07;2018-11-07
1015;Promethazine hydrochloride;1;2018-11-07;2018-11-07
1016;Promethazine teoclate;1;2018-11-07;2018-11-07
1017;Propafenone;1;2018-11-07;2018-11-07
1018;Propamidine;1;2018-11-07;2018-11-07
1019;Propantheline;1;2018-11-07;2018-11-07
1020;Propiverine;1;2018-11-07;2018-11-07
1021;Propofol;1;2018-11-07;2018-11-07
1022;Propranolol;1;2018-11-07;2018-11-07
1023;Propylene glycol;1;2018-11-07;2018-11-07
1024;Propylthiouracil;1;2018-11-07;2018-11-07
1025;Proxymetacaine;1;2018-11-07;2018-11-07
1026;Prucalopride;1;2018-11-07;2018-11-07
1027;Pseudoephedrine;1;2018-11-07;2018-11-07
1028;Pseudoephedrine + Acrivastine;1;2018-11-07;2018-11-07
1029;Pseudoephedrine + Chlorphenamine;1;2018-11-07;2018-11-07
1030;Pseudoephedrine + Triprolidine;1;2018-11-07;2018-11-07
1031;Pyrazinamide;1;2018-11-07;2018-11-07
1032;Pyridostigmine;1;2018-11-07;2018-11-07
1033;Pyridoxine;1;2018-11-07;2018-11-07
1034;Pyrimethamine;1;2018-11-07;2018-11-07
1035;Quetiapine;1;2018-11-07;2018-11-07
1036;Quinagolide;1;2018-11-07;2018-11-07
1037;Quinapril;1;2018-11-07;2018-11-07
1038;Quinapril + Hydrochlorothiazide;1;2018-11-07;2018-11-07
1039;Quinine bisulfate;1;2018-11-07;2018-11-07
1040;Quinine sulfate;1;2018-11-07;2018-11-07
1041;Quinine sulphate;1;2018-11-07;2018-11-07
1042;REAGENT;1;2018-11-07;2018-11-07
1043;Rabeprazole;1;2018-11-07;2018-11-07
1044;Rabies vaccine;1;2018-11-07;2018-11-07
1045;Racecadotril;1;2018-11-07;2018-11-07
1046;Raloxifene;1;2018-11-07;2018-11-07
1047;Raltegravir;1;2018-11-07;2018-11-07
1048;Ramipril;1;2018-11-07;2018-11-07
1049;Ranitidine;1;2018-11-07;2018-11-07
1050;Ranolazine;1;2018-11-07;2018-11-07
1051;Rasagiline;1;2018-11-07;2018-11-07
1052;Reboxetine;1;2018-11-07;2018-11-07
1053;Repaglinide;1;2018-11-07;2018-11-07
1054;Retapamulin;1;2018-11-07;2018-11-07
1055;Retigabine;1;2018-11-07;2018-11-07
1056;Retinol + Vitamin D;1;2018-11-07;2018-11-07
1057;Rhubarb extract + Salicylic acid;1;2018-11-07;2018-11-07
1058;Riboflavin;1;2018-11-07;2018-11-07
1059;Rifabutin;1;2018-11-07;2018-11-07
1060;Rifampicin;1;2018-11-07;2018-11-07
1061;Rifampicin + Isoniazid;1;2018-11-07;2018-11-07
1062;Rifampicin + Isoniazid + Pyrazinamide;1;2018-11-07;2018-11-07
1063;Rifaximin;1;2018-11-07;2018-11-07
1064;Riluzole;1;2018-11-07;2018-11-07
1065;Rimexolone;1;2018-11-07;2018-11-07
1066;Risedronate sodium;1;2018-11-07;2018-11-07
1067;Risperidone;1;2018-11-07;2018-11-07
1068;Ritonavir;1;2018-11-07;2018-11-07
1069;Rivaroxaban;1;2018-11-07;2018-11-07
1070;Rivastigmine;1;2018-11-07;2018-11-07
1071;Rizatriptan;1;2018-11-07;2018-11-07
1072;Rocuronium;1;2018-11-07;2018-11-07
1073;Roflumilast;1;2018-11-07;2018-11-07
1074;Ropinirole;1;2018-11-07;2018-11-07
1075;Rosuvastatin;1;2018-11-07;2018-11-07
1076;Rotigotine;1;2018-11-07;2018-11-07
1077;Rufinamide;1;2018-11-07;2018-11-07
1078;Rupatadine;1;2018-11-07;2018-11-07
1079;SPECIAL FORMULA;1;2018-11-07;2018-11-07
1080;SUPPLEMENT;1;2018-11-07;2018-11-07
1081;SURGICAL TAPE;1;2018-11-07;2018-11-07
1082;Sacubitril + Valsartan;1;2018-11-07;2018-11-07
1083;Safinamide;1;2018-11-07;2018-11-07
1084;Salbutamol;1;2018-11-07;2018-11-07
1085;Salbutamol + Ipratropium;1;2018-11-07;2018-11-07
1086;Salicylic acid;1;2018-11-07;2018-11-07
1087;Salicylic acid + Betamethasone;1;2018-11-07;2018-11-07
1088;Salicylic acid + Lactic acid;1;2018-11-07;2018-11-07
1089;Salicylic acid + Mucopolysaccharide polysulfate;1;2018-11-07;2018-11-07
1090;Salmeterol;1;2018-11-07;2018-11-07
1091;Saquinavir;1;2018-11-07;2018-11-07
1092;Saxagliptin;1;2018-11-07;2018-11-07
1093;Saxagliptin + Dapagliflozin;1;2018-11-07;2018-11-07
1094;Saxagliptin + Metformin;1;2018-11-07;2018-11-07
1095;Secobarbital;1;2018-11-07;2018-11-07
1096;Selegiline;1;2018-11-07;2018-11-07
1097;Selenium;1;2018-11-07;2018-11-07
1098;Senna;1;2018-11-07;2018-11-07
1099;Senna + Ispaghula;1;2018-11-07;2018-11-07
1100;Sertraline;1;2018-11-07;2018-11-07
1101;Sesame oil;1;2018-11-07;2018-11-07
1102;Sevelamer;1;2018-11-07;2018-11-07
1103;Shingles (Herpes Zoster) vaccine;1;2018-11-07;2018-11-07
1104;Sildenafil;1;2018-11-07;2018-11-07
1105;Silicone;1;2018-11-07;2018-11-07
1106;Silver nitrate;1;2018-11-07;2018-11-07
1107;Simeticone;1;2018-11-07;2018-11-07
1108;Simeticone + Loperamide;1;2018-11-07;2018-11-07
1109;Simvastatin;1;2018-11-07;2018-11-07
1110;Simvastatin + Ezetimibe;1;2018-11-07;2018-11-07
1111;Sirolimus;1;2018-11-07;2018-11-07
1112;Sitagliptin;1;2018-11-07;2018-11-07
1113;Sitagliptin + Metformin;1;2018-11-07;2018-11-07
1114;Sodium acid phosphate;1;2018-11-07;2018-11-07
1115;Sodium acid phosphate + Sodium bicarbonate;1;2018-11-07;2018-11-07
1116;Sodium acid phosphate + Sodium phosphate;1;2018-11-07;2018-11-07
1117;Sodium alginate + Magnesium alginate;1;2018-11-07;2018-11-07
1118;Sodium alginate + Potassium bicarbonate;1;2018-11-07;2018-11-07
1119;Sodium aurothiomalate;1;2018-11-07;2018-11-07
1120;Sodium bicarbonate;1;2018-11-07;2018-11-07
1121;Sodium chloride;1;2018-11-07;2018-11-07
1122;Sodium citrate;1;2018-11-07;2018-11-07
1123;Sodium clodronate;1;2018-11-07;2018-11-07
1124;Sodium cromoglicate;1;2018-11-07;2018-11-07
1125;Sodium dihydrogen phosphate;1;2018-11-07;2018-11-07
1126;Sodium feredetate;1;2018-11-07;2018-11-07
1127;Sodium fluoride;1;2018-11-07;2018-11-07
1128;Sodium fusidate;1;2018-11-07;2018-11-07
1129;Sodium hyaluronate;1;2018-11-07;2018-11-07
1130;Sodium hyaluronate + Chondroitin;1;2018-11-07;2018-11-07
1131;Sodium hyaluronate + Dexpanthenol;1;2018-11-07;2018-11-07
1132;Sodium hyaluronate + Ectoin;1;2018-11-07;2018-11-07
1133;Sodium hyaluronate + Trehalose;1;2018-11-07;2018-11-07
1134;Sodium lauryl ether sulfo-succinate + Sodium lauryl ether sulfate;1;2018-11-07;2018-11-07
1135;Sodium oxybate;1;2018-11-07;2018-11-07
1136;Sodium phenylbutyrate;1;2018-11-07;2018-11-07
1137;Sodium picosulfate;1;2018-11-07;2018-11-07
1138;Sodium valproate;1;2018-11-07;2018-11-07
1139;Soft paraffin + Wool fat;1;2018-11-07;2018-11-07
1140;Solifenacin;1;2018-11-07;2018-11-07
1141;Solifenacin + Tamsulosin;1;2018-11-07;2018-11-07
1142;Somatropin;1;2018-11-07;2018-11-07
1143;Sotalol;1;2018-11-07;2018-11-07
1144;Soya oil;1;2018-11-07;2018-11-07
1145;Soya oil + Lauromacrogols;1;2018-11-07;2018-11-07
1146;Spironolactone;1;2018-11-07;2018-11-07
1147;Spironolactone + Furosemide;1;2018-11-07;2018-11-07
1148;Sterculia;1;2018-11-07;2018-11-07
1149;Sterculia + Frangula;1;2018-11-07;2018-11-07
1150;Stiripentol;1;2018-11-07;2018-11-07
1151;Strontium ranelate;1;2018-11-07;2018-11-07
1152;Sucralfate;1;2018-11-07;2018-11-07
1153;Sucroferric oxyhydroxide;1;2018-11-07;2018-11-07
1154;Sulfadiazine;1;2018-11-07;2018-11-07
1155;Sulfadiazine silver;1;2018-11-07;2018-11-07
1156;Sulfasalazine;1;2018-11-07;2018-11-07
1157;Sulfinpyrazone;1;2018-11-07;2018-11-07
1158;Sulfur;1;2018-11-07;2018-11-07
1159;Sulindac;1;2018-11-07;2018-11-07
1160;Sulpiride;1;2018-11-07;2018-11-07
1161;Sumatra benzoin;1;2018-11-07;2018-11-07
1162;Sumatriptan;1;2018-11-07;2018-11-07
1163;Sunitinib;1;2018-11-07;2018-11-07
1164;TRACHEOSTOMY;1;2018-11-07;2018-11-07
1165;Tacalcitol;1;2018-11-07;2018-11-07
1166;Tacrolimus;1;2018-11-07;2018-11-07
1167;Tadalafil;1;2018-11-07;2018-11-07
1168;Tafluprost;1;2018-11-07;2018-11-07
1169;Tafluprost + Timolol;1;2018-11-07;2018-11-07
1170;Tamoxifen;1;2018-11-07;2018-11-07
1171;Tamsulosin;1;2018-11-07;2018-11-07
1172;Tamsulosin + Dutasteride;1;2018-11-07;2018-11-07
1173;Tapentadol;1;2018-11-07;2018-11-07
1174;Tartaric acid;1;2018-11-07;2018-11-07
1175;Tazarotene;1;2018-11-07;2018-11-07
1176;Teicoplanin;1;2018-11-07;2018-11-07
1177;Telbivudine;1;2018-11-07;2018-11-07
1178;Telithromycin;1;2018-11-07;2018-11-07
1179;Telmisartan;1;2018-11-07;2018-11-07
1180;Telmisartan + Hydrochlorothiazide;1;2018-11-07;2018-11-07
1181;Temazepam;1;2018-11-07;2018-11-07
1182;Tenofovir disoproxil;1;2018-11-07;2018-11-07
1183;Tenoxicam;1;2018-11-07;2018-11-07
1184;Terazosin;1;2018-11-07;2018-11-07
1185;Terbinafine;1;2018-11-07;2018-11-07
1186;Terbutaline;1;2018-11-07;2018-11-07
1187;Terlipressin;1;2018-11-07;2018-11-07
1188;Testosterone;1;2018-11-07;2018-11-07
1189;Testosterone enantate;1;2018-11-07;2018-11-07
1190;Testosterone undecanoate;1;2018-11-07;2018-11-07
1191;Tetrabenazine;1;2018-11-07;2018-11-07
1192;Tetracaine;1;2018-11-07;2018-11-07
1193;Tetracosactide;1;2018-11-07;2018-11-07
1194;Tetracycline;1;2018-11-07;2018-11-07
1195;Theophylline;1;2018-11-07;2018-11-07
1196;Thiamine;1;2018-11-07;2018-11-07
1197;Tiagabine;1;2018-11-07;2018-11-07
1198;Tiaprofenic acid;1;2018-11-07;2018-11-07
1199;Tibolone;1;2018-11-07;2018-11-07
1200;Ticagrelor;1;2018-11-07;2018-11-07
1201;Tick-borne encephalitis vaccine;1;2018-11-07;2018-11-07
1202;Tilactase;1;2018-11-07;2018-11-07
1203;Timolol;1;2018-11-07;2018-11-07
1204;Timolol + Bendroflumethiazide;1;2018-11-07;2018-11-07
1205;Timolol + Travoprost;1;2018-11-07;2018-11-07
1206;Tinidazole;1;2018-11-07;2018-11-07
1207;Tinzaparin;1;2018-11-07;2018-11-07
1208;Tioconazole;1;2018-11-07;2018-11-07
1209;Tiotropium;1;2018-11-07;2018-11-07
1210;Tiotropium + Olodaterol;1;2018-11-07;2018-11-07
1211;Tipranavir;1;2018-11-07;2018-11-07
1212;Tizanidine;1;2018-11-07;2018-11-07
1213;Tobramycin;1;2018-11-07;2018-11-07
1214;Tocilizumab;1;2018-11-07;2018-11-07
1215;Tocofersolan;1;2018-11-07;2018-11-07
1216;Tolbutamide;1;2018-11-07;2018-11-07
1217;Tolcapone;1;2018-11-07;2018-11-07
1218;Tolfenamic acid;1;2018-11-07;2018-11-07
1219;Tolnaftate;1;2018-11-07;2018-11-07
1220;Tolnaftate + Benzalkonium;1;2018-11-07;2018-11-07
1221;Tolterodine;1;2018-11-07;2018-11-07
1222;Tolvaptan;1;2018-11-07;2018-11-07
1223;Topiramate;1;2018-11-07;2018-11-07
1224;Torasemide;1;2018-11-07;2018-11-07
1225;Toremifene;1;2018-11-07;2018-11-07
1226;Tramadol;1;2018-11-07;2018-11-07
1227;Tramadol + Paracetamol;1;2018-11-07;2018-11-07
1228;Trandolapril;1;2018-11-07;2018-11-07
1229;Tranexamic acid;1;2018-11-07;2018-11-07
1230;Tranylcypromine;1;2018-11-07;2018-11-07
1231;Travoprost;1;2018-11-07;2018-11-07
1232;Travoprost + Timolol;1;2018-11-07;2018-11-07
1233;Trazodone;1;2018-11-07;2018-11-07
1234;Tretinoin;1;2018-11-07;2018-11-07
1235;Tretinoin + Erythromycin;1;2018-11-07;2018-11-07
1236;Triamcinolone + Chlortetracycline;1;2018-11-07;2018-11-07
1237;Triamcinolone acetonide;1;2018-11-07;2018-11-07
1238;Triamterene;1;2018-11-07;2018-11-07
1239;Triamterene + Chlortalidone;1;2018-11-07;2018-11-07
1240;Triamterene + Furosemide;1;2018-11-07;2018-11-07
1241;Triclosan;1;2018-11-07;2018-11-07
1242;Trifluoperazine;1;2018-11-07;2018-11-07
1243;Trihexyphenidyl;1;2018-11-07;2018-11-07
1244;Trimethoprim;1;2018-11-07;2018-11-07
1245;Trimipramine;1;2018-11-07;2018-11-07
1246;Tripotassium dicitratobismuthate;1;2018-11-07;2018-11-07
1247;Triptorelin;1;2018-11-07;2018-11-07
1248;Tropicamide;1;2018-11-07;2018-11-07
1249;Trospium;1;2018-11-07;2018-11-07
1250;Tryptophan;1;2018-11-07;2018-11-07
1251;Typhoid vaccine;1;2018-11-07;2018-11-07
1252;Tyrosine;1;2018-11-07;2018-11-07
1253;Ubidecarenone;1;2018-11-07;2018-11-07
1254;Ubidecarenone + Alpha tocopherol;1;2018-11-07;2018-11-07
1255;Ulipristal;1;2018-11-07;2018-11-07
1256;Umeclidinium bromide;1;2018-11-07;2018-11-07
1257;Umeclidinium bromide + Vilanterol;1;2018-11-07;2018-11-07
1258;Urea;1;2018-11-07;2018-11-07
1259;Urea + Lactic acid;1;2018-11-07;2018-11-07
1260;Urea + Lauromacrogols;1;2018-11-07;2018-11-07
1261;Urea [13-C];1;2018-11-07;2018-11-07
1262;Urea hydrogen peroxide;1;2018-11-07;2018-11-07
1263;Ursodeoxycholic acid;1;2018-11-07;2018-11-07
1264;Valaciclovir;1;2018-11-07;2018-11-07
1265;Valerian;1;2018-11-07;2018-11-07
1266;Valganciclovir;1;2018-11-07;2018-11-07
1267;Valproic acid;1;2018-11-07;2018-11-07
1268;Valsartan;1;2018-11-07;2018-11-07
1269;Valsartan + Hydrochlorothiazide;1;2018-11-07;2018-11-07
1270;Vancomycin;1;2018-11-07;2018-11-07
1271;Vardenafil;1;2018-11-07;2018-11-07
1272;Varenicline;1;2018-11-07;2018-11-07
1273;Varicella vaccine;1;2018-11-07;2018-11-07
1274;Venlafaxine;1;2018-11-07;2018-11-07
1275;Verapamil;1;2018-11-07;2018-11-07
1276;Vigabatrin;1;2018-11-07;2018-11-07
1277;Vildagliptin;1;2018-11-07;2018-11-07
1278;Vildagliptin + Metformin;1;2018-11-07;2018-11-07
1279;Voriconazole;1;2018-11-07;2018-11-07
1280;Vortioxetine;1;2018-11-07;2018-11-07
1281;Warfarin;1;2018-11-07;2018-11-07
1282;Water;1;2018-11-07;2018-11-07
1283;Wheat dextrin;1;2018-11-07;2018-11-07
1284;White soft paraffin;1;2018-11-07;2018-11-07
1285;White soft paraffin + Liquid paraffin;1;2018-11-07;2018-11-07
1286;Wool fat;1;2018-11-07;2018-11-07
1287;Xipamide;1;2018-11-07;2018-11-07
1288;Xylometazoline;1;2018-11-07;2018-11-07
1289;Yellow soft paraffin;1;2018-11-07;2018-11-07
1290;Zafirlukast;1;2018-11-07;2018-11-07
1291;Zaleplon;1;2018-11-07;2018-11-07
1292;Zanamivir;1;2018-11-07;2018-11-07
1293;Zidovudine;1;2018-11-07;2018-11-07
1294;Zidovudine + Lamivudine;1;2018-11-07;2018-11-07
1295;Zinc acetate;1;2018-11-07;2018-11-07
1296;Zinc citrate;1;2018-11-07;2018-11-07
1297;Zinc oxide;1;2018-11-07;2018-11-07
1298;Zinc oxide + Cod liver oil;1;2018-11-07;2018-11-07
1299;Zinc oxide + Dimeticone;1;2018-11-07;2018-11-07
1300;Zinc oxide + Lidocaine;1;2018-11-07;2018-11-07
1301;Zinc sulphate;1;2018-11-07;2018-11-07
1302;Zinc undecenoate + Undecenoic acid;1;2018-11-07;2018-11-07
1303;Zoledronic acid;1;2018-11-07;2018-11-07
1304;Zolmitriptan;1;2018-11-07;2018-11-07
1305;Zolpidem;1;2018-11-07;2018-11-07
1306;Zonisamide;1;2018-11-07;2018-11-07
1307;Zopiclone;1;2018-11-07;2018-11-07
1308;Zuclopenthixol;1;2018-11-07;2018-11-07
1309;Zuclopenthixol acetate;1;2018-11-07;2018-11-07
1310;Zuclopenthixol decanoate;1;2018-11-07;2018-11-07
