ID_PRACTICE;PRACTICENAME;ADDRESS1;ADDRESS2;ADDRESS3;ID_POSTCODE;VERSION;DATE_FROM;DATE_TO;ID_PRACTICE_ORG
1;Dr. IRWIN & PARTNERS;HARLAND MEDICAL PRACTICE;WESTMINSTER AVENUE;BELFAST;25;1;2018-11-09;2018-11-09;1
2;Dr. MCCUTCHEON & PARTNERS;HOLYWOOD ARCHES HEALTH CENTRE;WESTMINSTER AVE;BELFAST;25;1;2018-11-09;2018-11-09;3
3;Dr. MCBRIEN;CASTLE MEDICAL CENTRE;35-45 CASTLEREAGH ROAD;BELFAST;16;1;2018-11-09;2018-11-09;5
4;Dr. SHARKEY & PARTNERS;CARRYDUFF SURGERY;HILLSBOROUGH ROAD;CARRYDUFF BELFAST;17;1;2018-11-09;2018-11-09;6
5;Dr. WILSON & PARTNER;TEMPLEMORE MEDICAL CENTRE;225 ALBERTBRIDGE ROAD;BELFAST;18;1;2018-11-09;2018-11-09;10
6;Dr. COOGAN;TEMPLEMORE MEDICAL CENTRE;225 ALBERTBRIDGE ROAD;BELFAST;18;1;2018-11-09;2018-11-09;13
7;Dr. COULTER & PARTNERS;KERRSLAND SURGERY;169 UPPER NEWTOWNARDS ROAD;BELFAST;19;1;2018-11-09;2018-11-09;14
8;Dr. MCGARRITY & PARTNERS;54 HOLYWOOD ROAD;BELFAST;;20;1;2018-11-09;2018-11-09;15
9;Dr. ROSS & PARTNERS;KNOCK MEDICAL CENTRE;423B UPPER NEWTOWNARDS ROAD;BELFAST;21;1;2018-11-09;2018-11-09;16
10;Dr. SCOTT & PARTNERS;HOLYWOOD ARCHES HEALTH CENTRE;WESTMINSTER AVENUE;BELFAST;25;1;2018-11-09;2018-11-09;17
11;Dr. KELLY & PARTNERS;BRIDGES FAMILY PRACTICE;2-6 BRYSON STREET;BELFAST;22;1;2018-11-09;2018-11-09;18
12;Dr. MITCHELL & PARTNERS;LINEN COURT SURGERY;336 BEERSBRIDGE ROAD;BELFAST;23;1;2018-11-09;2018-11-09;19
13;Dr. KYLE & PARTNERS;LEWIS SQUARE PRACTICE;HOLYWOOD ARCHES HEALTH CENTRE;WESTMINSTER AVENUE, BELFAST;25;1;2018-11-09;2018-11-09;20
14;Dr. MCKEE & PARTNER;THE MOUNT PRACTICE;50 CASTLEREAGH STREET;BELFAST;24;1;2018-11-09;2018-11-09;24
15;Dr Bell & Partners;HARLAND MEDICAL PRACTICE;WESTMINSTER AVENUE;BELFAST;25;1;2018-11-09;2018-11-09;23
16;Dr. GALLAGHER & PARTNERS;THE VICTORIA PRACTICE;HOLYWOOD ARCHES HEALTH CENTRE;WESTMINSTER AVENUE, BELFAST;25;1;2018-11-09;2018-11-09;28
17;Dr. SAVAGE & PARTNERS;CASTLEREAGH MEDICAL CENTRE;21 BALLYGOWAN ROAD;BELFAST;26;1;2018-11-09;2018-11-09;29
18;Dr. STEVENS & PARTNERS;EASTSIDE SURGERY;56 TEMPLEMORE AVENUE;BELFAST;27;1;2018-11-09;2018-11-09;30
19;Dr. HASLAM & PARTNERS;DUNDONALD MEDICAL CENTRE;16 CHURCH ROAD;DUNDONALD, BELFAST;28;1;2018-11-09;2018-11-09;31
20;Dr. WILSON & PARTNERS;WILLOWFIELD SURGERY;50/52 CASTLEREAGH ROAD;BELFAST;29;1;2018-11-09;2018-11-09;32
21;Dr. RODGERS & PARTNERS;222 WOODSTOCK ROAD;BELFAST;;30;1;2018-11-09;2018-11-09;33
22;Dr. MONCRIEFF & PARTNERS;CHERRYVALLEY HEALTH CENTRE;KINGS SQUARE;BELFAST;31;1;2018-11-09;2018-11-09;37
23;Dr McComb;HOLYWOOD ARCHES HEALTH CENTRE;WESTMINSTER AVENUE;BELFAST;25;1;2018-11-09;2018-11-09;36
24;Dr. MORRISON & PARTNER;CHERRYVALLEY HEALTH CENTRE;KINGS SQUARE;BELFAST;31;1;2018-11-09;2018-11-09;38
25;Dr. ROSS & PARTNERS;CORNERSTONE MEDICAL CENTRE;69 SHANKILL ROAD;BELFAST;59;1;2018-11-09;2018-11-09;51
26;Dr. SAVAGE & PARTNERS;16 MCCANDLESS STREET;CRUMLIN ROAD;BELFAST;32;1;2018-11-09;2018-11-09;52
27;Dr. COLGAN;463 FALLS ROAD;BELFAST;;33;1;2018-11-09;2018-11-09;53
28;Dr. O'KANE;THE HEALTH CENTRE;94-100 CRUMLIN ROAD;BELFAST;44;1;2018-11-09;2018-11-09;55
29;Dr. CAMPBELL & PARTNER;THE MAUREEN SHEEHAN CENTRE, BUILDING 2;106 ALBERT STREET;BELFAST;34;1;2018-11-09;2018-11-09;57
30;Dr. FARNAN & PARTNERS;THE GROUP SURGERY;257 NORTH QUEEN STREET;BELFAST;35;1;2018-11-09;2018-11-09;58
31;Dr. BURNS & PARTNERS;165 DUNCAIRN GARDENS;BELFAST;CO ANTRIM;36;1;2018-11-09;2018-11-09;60
32;Dr. CROSSIN & PARTNERS;THE CARRICK HILL MEDICAL CENTRE;1 CARRICK HILL;BELFAST;37;1;2018-11-09;2018-11-09;61
33;Dr. GARDINER & PARTNER;GARDINER FAMILY PRACTICE;CRUMLIN ROAD HEALTH CENTRE;100 CRUMLIN ROAD, BELFAST;44;1;2018-11-09;2018-11-09;62
34;Dr. O'DONNELL & PARTNER;WILLOW MEDICAL PRACTICE;155 ANDERSONSTOWN ROAD;BELFAST;73;1;2018-11-09;2018-11-09;63
35;Dr. DONAGHY & PARTNERS;DUNVILLE HEALTH CENTRE;309 GROSVENOR ROAD;BELFAST;38;1;2018-11-09;2018-11-09;64
36;Dr. DURKAN & PARTNERS;GROVE WELLBEING CENTRE, PARKSIDE SURGERY;120 YORK ROAD;BELFAST;49;1;2018-11-09;2018-11-09;66
37;Dr. CRAWFORD & PARTNERS;136/138 SHANKILL ROAD;BELFAST;;39;1;2018-11-09;2018-11-09;68
38;Dr. TAN & PARTNER;FLAX CENTRE;ARDOYNE AVENUE;BELFAST;40;1;2018-11-09;2018-11-09;69
39;Dr. CHAMBERS & PARTNERS;BALLYSILLAN GROUP PRACTICE;156-158 BALLYSILLAN ROAD;BELFAST;41;1;2018-11-09;2018-11-09;70
40;Dr. LEAVY & PARTNERS;463 SPRINGFIELD ROAD;BELFAST;;42;1;2018-11-09;2018-11-09;71
41;Dr. AGAHI;MOUNTAINVIEW SURGERY;585 CRUMLIN ROAD;BELFAST;43;1;2018-11-09;2018-11-09;72
42;Dr. CLULOW & PARTNER;CRUMLIN ROAD FAMILY PRACTICE;CRUMLIN ROAD HEALTH CENTRE;94-100 CRUMLIN ROAD, BELFAST;44;1;2018-11-09;2018-11-09;73
43;Dr. BEATTIE & PARTNER;DR SIMPSON & DR BEATTIE;NORTHGATE FAMILY PRACTICE;36 DUNCAIRN GARDENS, BELFAST;45;1;2018-11-09;2018-11-09;74
44;Dr. MCCLOSKEY & PARTNERS;GROSVENOR ROAD SURGERY;216 GROSVENOR ROAD;BELFAST;46;1;2018-11-09;2018-11-09;75
45;Dr. O'NEILL & PARTNERS;70 SPRINGFIELD ROAD;BELFAST;CO ANTRIM;48;1;2018-11-09;2018-11-09;79
46;Dr. CONWAY & PARTNERS;460 OLDPARK ROAD;BELFAST;;47;1;2018-11-09;2018-11-09;80
47;Dr. MCHUGH & PARTNERS;46 SPRINGFIELD ROAD;BELFAST;;48;1;2018-11-09;2018-11-09;81
48;Dr. CARROLL & PARTNERS;GROVE WELLBEING CENTRE, GROVE MEDICAL PRACTICE;120 YORK ROAD;BELFAST;49;1;2018-11-09;2018-11-09;83
49;Dr. SALTERS & PARTNERS;186 FALLS ROAD;BELFAST;;50;1;2018-11-09;2018-11-09;84
50;Dr. MACSORLEY & PARTNERS;515 ANTRIM ROAD;BELFAST;;51;1;2018-11-09;2018-11-09;85
51;Dr. LOUGHREY & PARTNERS;SALISBURY MEDICAL CENTRE;474 ANTRIM ROAD;BELFAST;52;1;2018-11-09;2018-11-09;86
52;Dr. MCFERRAN & PARTNERS;BALLYOWEN HEALTH CENTRE;179 ANDERSONSTOWN ROAD;BELFAST;73;1;2018-11-09;2018-11-09;92
53;Dr. MAHOOD & PARTNERS;61 CLIFTONVILLE ROAD;BELFAST;;53;1;2018-11-09;2018-11-09;93
54;Dr. CUMMINGS & PARTNER;115 FALLS ROAD;BELFAST;;54;1;2018-11-09;2018-11-09;94
55;Dr. WYLIE;BALLYOWEN HEALTH CENTRE;179 ANDERSONSTOWN ROAD;BELFAST;73;1;2018-11-09;2018-11-09;95
56;Dr. MAGENIS & PARTNERS;MALVERN FAMILY PRACTICE;69 SHANKILL ROAD;BELFAST;59;1;2018-11-09;2018-11-09;96
57;Dr. GILMORE & PARTNER;THE LIGONIEL HEALTH CENTRE;74A LIGONIEL ROAD;BELFAST;55;1;2018-11-09;2018-11-09;98
58;Dr. KELLY & PARTNERS;132-136 SANDY ROW;BELFAST;CO ANTRIM;56;1;2018-11-09;2018-11-09;101
59;Dr. MAGUIRE & PARTNERS;15/17 CLIFTON STREET;BELFAST;;57;1;2018-11-09;2018-11-09;103
60;Dr. WRIGHT & PARTNERS;17 BALLYGOMARTIN ROAD;BELFAST;;58;1;2018-11-09;2018-11-09;104
61;Dr. DOGGART & PARTNER;OLD CHURCH PRACTICE;2ND FLOOR, CORNERSTONE MEDICAL CENTRE;69 SHANKILL ROAD, BELFAST;59;1;2018-11-09;2018-11-09;105
62;Dr. MCKENNA & PARTNER;2 THAMES STREET;BELFAST;CO ANTRIM;60;1;2018-11-09;2018-11-09;111
63;Dr. DUGAN;173 ANDERSONSTOWN ROAD;BELFAST;;73;1;2018-11-09;2018-11-09;113
64;Dr. BONNAR & PARTNERS;33 STEWARTSTOWN ROAD;BELFAST;;61;1;2018-11-09;2018-11-09;114
65;Dr. DORAN & PARTNERS;CROCUS STREET SURGERY;1 CROCUS STREET;BELFAST;62;1;2018-11-09;2018-11-09;116
66;Dr. MCGLADE & PARTNERS;THE KELLY PRACTICE;1 DUNLUCE AVENUE;BELFAST;64;1;2018-11-09;2018-11-09;132
67;Dr. HAIGNEY & PARTNERS;MOUNT ORIEL MEDICAL PRACTICE;KNOCKBREDA WTC;110 SAINTFIELD ROAD, BELFAST;63;1;2018-11-09;2018-11-09;136
68;Dr. CONNOLLY & PARTNERS;THE HEALTH CENTRE;1 DUNLUCE AVENUE;BELFAST;64;1;2018-11-09;2018-11-09;140
69;Dr. SHERWOOD & PARTNERS;THE ROWAN TREE FAMILY PRACTICE;1 DUNLUCE AVENUE;BELFAST;64;1;2018-11-09;2018-11-09;143
70;Dr. CHU;RAVENBANK SURGERY;113 RAVENHILL ROAD;BELFAST;65;1;2018-11-09;2018-11-09;144
71;Dr. KILLINER & PARTNERS;15A DONEGALL ROAD;BELFAST;;66;1;2018-11-09;2018-11-09;145
72;Dr. GILMORE;BALMORAL SURGERY;436 LISBURN ROAD;BELFAST;67;1;2018-11-09;2018-11-09;146
73;Dr. CHEYNE & PARTNERS;281 ORMEAU ROAD;BELFAST;;68;1;2018-11-09;2018-11-09;147
74;Dr. TONER & PARTNERS;SOUTH EAST FAMILY PRACTICE;370/372 CREGAGH ROAD;BELFAST;69;1;2018-11-09;2018-11-09;148
75;Dr. MCAULEY & PARTNERS;THE HEALTH CENTRE;13/25 FINAGHY ROAD SOUTH;BELFAST;70;1;2018-11-09;2018-11-09;151
76;Dr. O'HARE & PARTNERS;ORMEAU ROAD HEALTH CENTRE;120 ORMEAU ROAD;BELFAST;71;1;2018-11-09;2018-11-09;153
77;Dr. MCCAULEY & PARTNERS;142 - 144 UNIVERSITY STREET;BELFAST;;72;1;2018-11-09;2018-11-09;154
78;Dr. CHAKRAVARTY & PARTNERS;BALLYOWEN HEALTH CENTRE;179 ANDERSONSTOWN ROAD;BELFAST;73;1;2018-11-09;2018-11-09;156
79;Dr. FAIR & PARTNERS;UNIVERSITY HEALTH CENTRE AT QUEENS;ELMWOOD MANSE;7 UNIVERSITY TERRACE, BELFAST;74;1;2018-11-09;2018-11-09;157
80;Dr. BELL & PARTNERS;485 ORMEAU ROAD;BELFAST;;75;1;2018-11-09;2018-11-09;159
81;Dr. THOMPSON & PARTNER;10/12 LISBURN ROAD;BELFAST;CO ANTRIM;76;1;2018-11-09;2018-11-09;162
82;Dr. MURDOCK & PARTNER;CREGAGH SURGERY;36 MONTGOMERY ROAD;BELFAST;77;1;2018-11-09;2018-11-09;164
83;Dr. KEANE & PARTNERS;6 NORTH PARADE;BELFAST;;78;1;2018-11-09;2018-11-09;165
84;Dr. CULLEN & PARTNER;BOTANIC MEDICAL CENTRE;51 BOTANIC AVENUE;BELFAST;79;1;2018-11-09;2018-11-09;166
85;Dr. HARRISON & PARTNERS;THE MONTALTO MEDICAL CENTRE;2 DROMORE ROAD;BALLYNAHINCH;80;1;2018-11-09;2018-11-09;191
86;Dr. MCGILL & PARTNERS;KILLYLEAGH SURGERY;14 DOWNPATRICK ROAD;KILLYLEAGH, DOWNPATRICK;81;1;2018-11-09;2018-11-09;192
87;Dr. GREER & PARTNERS;14 CHURCH VIEW;DUNDRUM;NEWCASTLE;82;1;2018-11-09;2018-11-09;193
88;Dr. HYLAND & PARTNER;THE SURGERY;CAUSEWAY PLACE;NEWCASTLE;83;1;2018-11-09;2018-11-09;194
89;Dr. GILPIN & PARTNER;THE SURGERY;CAUSEWAY PLACE;NEWCASTLE;83;1;2018-11-09;2018-11-09;195
90;Dr. MURPHY & PARTNER;THE HEALTH CENTRE;DOWNPATRICK ROAD;ARDGLASS;84;1;2018-11-09;2018-11-09;196
91;Dr. ROSS & PARTNERS;THE HEALTH CENTRE;FAIRVIEW;SAINTFIELD, BALLYNAHINCH;85;1;2018-11-09;2018-11-09;198
92;Dr. LEGGETT & PARTNERS;DONARD FAMILY PRACTICE;56 MAIN STREET;NEWCASTLE, CO DOWN;86;1;2018-11-09;2018-11-09;201
93;Dr. SMALL & PARTNER;GP & PRIMARY CARE CENTRE;FIRST FLOOR, DOWN HOSPITAL;STRUELL WELLS ROAD, DOWNPATRICK;89;1;2018-11-09;2018-11-09;202
94;Dr. MULHALL & PARTNERS;THE SURGERY;12 THE GREEN;IRISH STREET, DOWNPATRICK;87;1;2018-11-09;2018-11-09;204
95;Dr. TRAINOR & PARTNERS;THE SURGERY;JAMES STREET;CROSSGAR, DOWNPATRICK;88;1;2018-11-09;2018-11-09;205
96;Dr. SHEVLIN & PARTNERS;GP & PRIMARY CARE CENTRE;FIRST FLOOR, DOWN HOSPITAL;STRUELL WELLS ROAD, DOWNPATRICK;89;1;2018-11-09;2018-11-09;206
97;Dr. CREANEY;STREAM STREET SURGERY;40 STREAM STREET;DOWNPATRICK;90;1;2018-11-09;2018-11-09;207
98;Dr. FLEMING & PARTNERS;HEALTH CENTRE;BALLYNAHINCH ST;HILLSBOROUGH;91;1;2018-11-09;2018-11-09;221
99;Dr. MULHOLLAND & PARTNERS;WOODBROOK MEDICAL PRACTICE;STEWARTSTOWN ROAD;DUNMURRY BELFAST;92;1;2018-11-09;2018-11-09;222
100;Dr. CARSON & PARTNERS;THE HEALTH CENTRE;LINENHALL STREET;LISBURN;96;1;2018-11-09;2018-11-09;223
101;Dr. CAIRNS & PARTNERS;THE HEALTH CENTRE;LINENHALL STREET;LISBURN;96;1;2018-11-09;2018-11-09;224
102;Dr. SMITH & PARTNERS;THE SURGERY;BEGNEY HILL ROAD;DROMARA;93;1;2018-11-09;2018-11-09;226
103;Dr. CURRY & PARTNERS;THE HEALTH CENTRE;LINENHALL STREET;LISBURN;96;1;2018-11-09;2018-11-09;227
104;Dr. FORDE & PARTNERS;LAGANVIEW MEDICAL PRACTICE;LISBURN HEALTH CENTRE, LINENHALL STREET;LISBURN;96;1;2018-11-09;2018-11-09;228
105;Dr. RUDDELL & PARTNERS;THE HEALTH CENTRE;LINENHALL STREET;LISBURN;96;1;2018-11-09;2018-11-09;229
106;Dr. RYAN & PARTNERS;THE HEALTH CENTRE;LINENHALL STREET;LISBURN;96;1;2018-11-09;2018-11-09;230
107;Dr. PALMER & PARTNERS;THE HEALTH CENTRE;LINENHALL STREET;LISBURN;96;1;2018-11-09;2018-11-09;231
108;Dr. DICK & PARTNERS;192 KINGSWAY;DUNMURRY;BELFAST;94;1;2018-11-09;2018-11-09;232
109;Dr. GALLAGHER & PARTNER;GLENAVY FAMILY PRACTICE;47 MAIN STREET;GLENAVY, CRUMLIN;95;1;2018-11-09;2018-11-09;233
110;Dr. PATTERSON;THE HEALTH CENTRE;LINENHALL STREET;LISBURN;96;1;2018-11-09;2018-11-09;234
111;Dr. LAWSON & PARTNERS;PRIORY SURGERY;26 HIGH STREET;HOLYWOOD;97;1;2018-11-09;2018-11-09;252
112;Dr. REID & PARTNERS;THE HEALTH CENTRE;NEWTOWNARDS ROAD;BANGOR;110;1;2018-11-09;2018-11-09;253
113;Dr. MOLES & PARTNERS;24 LISBARNETT ROAD;LISBANE;NEWTOWNARDS;98;1;2018-11-09;2018-11-09;254
114;Dr. KENNY & PARTNERS;THE HEALTH CENTRE;NEWTOWNARDS ROAD;BANGOR;110;1;2018-11-09;2018-11-09;255
115;Dr. CRAIG & PARTNER;140 GROOMSPORT ROAD;BANGOR;CO DOWN;99;1;2018-11-09;2018-11-09;256
116;Dr. MCCREERY & PARTNERS;THE SURGERY;BROOK STREET;HOLYWOOD;100;1;2018-11-09;2018-11-09;257
117;Dr. DREW & PARTNERS;THE HEALTH CENTRE;NEWTOWNARDS ROAD;BANGOR;110;1;2018-11-09;2018-11-09;258
118;Dr. DOYLE & PARTNERS;CUAN FAMILY PRACTICE;44 HIGH STREET;PORTAFERRY, NEWTOWNARDS;109;1;2018-11-09;2018-11-09;259
119;Dr. CRAWFORD & PARTNERS;THE HEALTH CENTRE;NEWTOWNARDS ROAD;BANGOR;110;1;2018-11-09;2018-11-09;260
120;Dr. NEOH & PARTNERS;KILLYNETHER PRACTICE;2A FREDERICK STREET;NEWTOWNARDS;107;1;2018-11-09;2018-11-09;261
121;Dr. BISSETT;DR ROBERT HENRY SURGERY;7A NEWTOWNARDS ROAD;COMBER, NEWTOWNARDS;101;1;2018-11-09;2018-11-09;263
122;Dr. KINNEAR & PARTNER;SILVERBIRCH MEDICAL PRACTICE;39A SILVERBIRCH ROAD;BANGOR;102;1;2018-11-09;2018-11-09;264
123;Dr. HYLAND & PARTNERS;THE SURGERY;1 CHURCH STREET;NEWTOWNARDS;114;1;2018-11-09;2018-11-09;265
124;Dr. SEMPLE & PARTNERS;THE HEALTH CENTRE;5 NEWTOWNARDS ROAD;COMBER, NEWTOWNARDS;105;1;2018-11-09;2018-11-09;267
125;Dr. WINTER & PARTNERS;OLD MILL SURGERY;CHURCH STREET;NEWTOWNARDS;103;1;2018-11-09;2018-11-09;271
126;Dr. MCKEOWN & PARTNERS;16 A THE SQUARE;COMBER;NEWTOWNARDS;104;1;2018-11-09;2018-11-09;272
127;Dr. WHITESIDE & PARTNERS;THE HEALTH CENTRE;5 NEWTOWNARDS ROAD;COMBER, NEWTOWNARDS;105;1;2018-11-09;2018-11-09;273
128;Dr. HOLMES & PARTNERS;BLOOMFIELD SURGERY;95 BLOOMFIELD ROAD;BANGOR;106;1;2018-11-09;2018-11-09;274
129;Dr. WEBB & PARTNERS;REGENCY MEDICAL CENTRE;2A FREDERICK STREET;NEWTOWNARDS;107;1;2018-11-09;2018-11-09;275
130;Dr. HISCOCKS & PARTNERS;DONAGHADEE HEALTH CENTRE;3 KILLAUGHEY ROAD;DONAGHADEE;108;1;2018-11-09;2018-11-09;276
131;Dr. KENNEDY & PARTNERS;THE SURGERY;1 CHURCH STREET;NEWTOWNARDS;114;1;2018-11-09;2018-11-09;278
132;Dr. COULTER & PARTNER;WINDMILL SURGERY;44 HIGH STREET;PORTAFERRY, NEWTOWNARDS;109;1;2018-11-09;2018-11-09;279
133;Dr. MCMINN & PARTNERS;THE HEALTH CENTRE;NEWTOWNARDS ROAD;BANGOR;110;1;2018-11-09;2018-11-09;280
134;Dr. ABRAHAM & PARTNERS;CLELAND PARK SURGERY;2 CLELAND PARK;BANGOR;111;1;2018-11-09;2018-11-09;281
135;Dr. HUGHES & PARTNERS;THE HEALTH CENTRE;FOWLER WAY;BALLYWALTER, NEWTOWNARDS;112;1;2018-11-09;2018-11-09;282
136;Dr. BAILIE & PARTNERS;LOUGH VIEW SURGERY;2 MAIN STREET;KIRCUBBIN, NEWTOWNARDS;113;1;2018-11-09;2018-11-09;283
137;Dr. ARMSTRONG & PARTNER;THE SURGERY;1 CHURCH STREET;NEWTOWNARDS;114;1;2018-11-09;2018-11-09;284
138;Dr. JACKSON & PARTNER;GREEN ROAD MEDICAL CENTRE;5 GREEN ROAD;CONLIG, NEWTOWNARDS;115;1;2018-11-09;2018-11-09;285
139;Dr. HUEY & PARTNERS;THE SURGERY;80 CASTLETON;TEMPLEPATRICK, BALLYCLARE;116;1;2018-11-09;2018-11-09;302
140;Dr. HYNDMAN & PARTNERS;1 GLENAVY ROAD;CRUMLIN;CO ANTRIM;117;1;2018-11-09;2018-11-09;303
141;Dr. BUTLER & PARTNERS;MAINE MEDICAL PRACTICE;THE OLD MEETING HOUSE;2 STRAID RD, AHOGILL, B'MENA;1;1;2018-11-09;2018-11-09;304
142;Dr. HARPER & PARTNERS;BERNAGHMORE MEDICAL PRACTICE;BALLYMENA HEALTH & CARE CENTRE;86 CUSHENDALL ROAD, BALLYMENA;128;1;2018-11-09;2018-11-09;305
143;Dr. FIELD & PARTNERS;ANTRIM CASTLE SURGERY;32A STATION ROAD;ANTRIM;127;1;2018-11-09;2018-11-09;307
144;Dr. HUNTER & PARTNERS;ORIEL SURGERY;31 ORIEL ROAD;ANTRIM;118;1;2018-11-09;2018-11-09;308
145;Dr. MCKELVEY & PARTNERS;CULLYBACKEY HEALTH CENTRE;TOBER PARK;CULLYBACKEY, BALLYMENA;119;1;2018-11-09;2018-11-09;310
146;Dr. MAGOWAN & PARTNER;THE SURGERY;77 GALGORM ROAD;BALLYMENA;120;1;2018-11-09;2018-11-09;311
147;Dr. HALL & PARTNER;Slemish View Medical Practice;Ballymena Health & Care Centre;86 Cushendall Road, Ballymena;128;1;2018-11-09;2018-11-09;312
148;Dr. RUSSELL & PARTNERS;THE GABLES;45 WAVENEY ROAD;BALLYMENA;121;1;2018-11-09;2018-11-09;313
149;Dr. MCFARLAND & PARTNERS;WAVENEY MEDICAL PRACTICE;BALLYMENA HEALTH & CARE CENTRE;86 CUSHENDALL ROAD, BALLYMENA;128;1;2018-11-09;2018-11-09;314
150;Dr. WRIGHT & PARTNER;BALLYMENA FAMILY PRACTICE;BALLYMENA HEALTH & CARE CENTRE;86 CUSHENDALL ROAD, BALLYMENA;128;1;2018-11-09;2018-11-09;315
151;Dr. REDMOND & PARTNERS;THE HEALTH CENTRE;76 MAIN STREET;BROUGHSHANE BALLYMENA;122;1;2018-11-09;2018-11-09;317
152;Dr. MCCUSKER & PARTNERS;PORTGLENONE HEALTH CENTRE;17 TOWNHILL ROAD;PORTGLENONE, BALLYMENA;123;1;2018-11-09;2018-11-09;319
153;Dr. MCQUILLAN & PARTNERS;SEVEN TOWERS PRACTICE;BALLYMENA HEALTH & CARE CENTRE;86 CUSHENDALL ROAD, BALLYMENA;128;1;2018-11-09;2018-11-09;321
154;Dr. BROWN & PARTNER;SMITHFIELD MEDICAL CENTRE;7 SMITHFIELD PLACE;GALGORM ROAD, BALLYMENA;124;1;2018-11-09;2018-11-09;323
155;Dr. BILL & PARTNER;KELLS & CONNOR MEDICAL CENTRE;36 CHURCH ROAD;KELLS, BALLYMENA;125;1;2018-11-09;2018-11-09;325
156;Dr. MCCUSKER & PARTNERS;THE FAMILY PRACTICE;THE HEALTH CENTRE;STATION ROAD, ANTRIM;127;1;2018-11-09;2018-11-09;326
157;Dr. KIDD & PARTNERS;THE HEALTH CENTRE;STATION ROAD;ANTRIM;127;1;2018-11-09;2018-11-09;327
158;Dr. JOHNSTON & PARTNERS;MAINE MEDICAL PRACTICE;OLD MILL PARK, MAIN STREET;CULLYBACKEY, BALLYMENA;126;1;2018-11-09;2018-11-09;328
159;Dr. COBAIN & PARTNERS;THE HEALTH CENTRE;STATION ROAD;ANTRIM;127;1;2018-11-09;2018-11-09;329
160;Dr. MCKENNA & PARTNERS;THE HEALTH CENTRE;STATION ROAD;ANTRIM;127;1;2018-11-09;2018-11-09;330
161;Dr. KHANNA & PARTNERS;BRAID FAMILY PRACTICE;BALLYMENA HEALTH & CARE CENTRE;86 CUSHENDALL ROAD, BALLYMENA;128;1;2018-11-09;2018-11-09;331
162;Dr. JOHNSTON & PARTNER;THE SURGERY;TOOME HOUSE, 55 MAIN STREET;TOOMEBRIDGE, ANTRIM;129;1;2018-11-09;2018-11-09;333
163;Dr. MCILROY & PARTNERS;THE HEALTH CENTRE;5 NEILLSBROOK ROAD;RANDALSTOWN, ANTRIM;130;1;2018-11-09;2018-11-09;334
164;Dr. HEGAN & PARTNERS;2 MALLUSK ROAD;NEWTOWNABBEY;;131;1;2018-11-09;2018-11-09;336
165;Dr. KYLE & PARTNERS;GLENGORMLEY PRACTICE;324 ANTRIM ROAD;NEWTOWNABBEY;132;1;2018-11-09;2018-11-09;337
166;Dr. MAXWELL & PARTNER;THE HEALTH CENTRE;CASTLEROCK ROAD;COLERAINE;133;1;2018-11-09;2018-11-09;341
167;Dr. TRACEY & PARTNERS;KILLOWEN MEDICAL CENTRE;CASTLEROCK ROAD;COLERAINE;133;1;2018-11-09;2018-11-09;344
168;Dr. JOHNSTON & PARTNERS;BALLYMONEY FAMILY PRACTICE;BALLYMONEY HEALTH CENTRE;21B NEWAL ROAD, BALLYMONEY;134;1;2018-11-09;2018-11-09;345
169;Dr. WALLACE & PARTNERS;LODGE HEALTH;20 LODGE MANOR;COLERAINE;135;1;2018-11-09;2018-11-09;346
170;Dr. STERNE & PARTNERS;THE COUNTRY MEDICAL PRACTICE;122 BALLINLEA ROAD;ARMOY, BALLYMONEY;136;1;2018-11-09;2018-11-09;349
171;Dr. CROOKS & PARTNER;6 PRIESTLAND ROAD;BUSHMILLS;;137;1;2018-11-09;2018-11-09;350
172;Dr. BAILIE & PARTNERS;PORTRUSH MEDICAL CENTRE;17 DUNLUCE AVENUE;PORTRUSH;138;1;2018-11-09;2018-11-09;351
173;Dr. ORR & PARTNERS;GARVAGH HEALTH CENTRE;110 MAIN STREET;GARVAGH, COLERAINE;139;1;2018-11-09;2018-11-09;352
174;Dr. HARLEY & PARTNERS;THE FAMILY PRACTICE;6 LEVER ROAD;PORTSTEWART;140;1;2018-11-09;2018-11-09;354
175;Dr. MCCORMACK & PARTNERS;THE HEALTH CENTRE;36 GARVAGH ROAD;KILREA, COLERAINE;141;1;2018-11-09;2018-11-09;355
176;Dr. POLLOCK & PARTNERS;4 MOUNTSANDEL ROAD;COLERAINE;CO LONDONDERRY;142;1;2018-11-09;2018-11-09;356
177;Dr. MCSPARRAN & PARTNERS;GLENS OF ANTRIM MEDICAL CENTRE;2 GORTACLEE ROAD;CUSHENDALL, BALLYMENA;143;1;2018-11-09;2018-11-09;357
178;Dr. NUTT & PARTNER;LIFFOCK;69 SEA ROAD;CASTLEROCK, COLERAINE;144;1;2018-11-09;2018-11-09;358
179;Dr. HENDERSON & PARTNERS;THE HEALTH CENTRE;10 MONEYLECK ROAD;RASHARKIN, BALLYMENA;145;1;2018-11-09;2018-11-09;360
180;Dr. FANNIN & PARTNERS;THE HEALTH CENTRE;ROBINSON MEMORIAL HOSPITAL;BALLYMONEY;146;1;2018-11-09;2018-11-09;361
181;Dr. MCLISTER & PARTNERS;DALRIADA FAMILY PRACTICE;1A COLERAINE ROAD;BALLYCASTLE;148;1;2018-11-09;2018-11-09;366
182;Dr. MCCURDY & PARTNERS;THE FROCESS MEDICAL CENTRE;56 MAIN STREET;CLOUGHMILLS, BALLYMENA;147;1;2018-11-09;2018-11-09;367
183;Dr. HEGARTY & PARTNERS;BALLYCASTLE MEDICAL PRACTICE;1A COLERAINE ROAD;BALLYCASTLE;148;1;2018-11-09;2018-11-09;368
184;Dr. O'LOAN & PARTNERS;PORTSTEWART MEDICAL CENTRE;MILL ROAD;PORTSTEWART;149;1;2018-11-09;2018-11-09;369
185;Dr. STONE & PARTNERS;MEADOWBRIDGE SURGERY;SLAUGHTERFORD ROAD;WHITEHEAD, CARRICKFERGUS;150;1;2018-11-09;2018-11-09;382
186;Dr. KERNOHAN & PARTNERS;OLD SCHOOL SURGERY;54 STATION ROAD;GREENISLAND, CARRICKFERGUS;151;1;2018-11-09;2018-11-09;385
187;Dr. BUCKLEY & PARTNERS;THE HEALTH CENTRE;TAYLORS AVENUE;CARRICKFERGUS;152;1;2018-11-09;2018-11-09;387
188;Dr. SHEPHERD & PARTNERS;INVER SURGERY;MOYLE MEDICAL CENTRE;OLD GLENARM ROAD, LARNE;153;1;2018-11-09;2018-11-09;388
189;Drs Mitchell & Swan;BLACKARCH SURGERY, LARNE HEALTH CENTRE;GLOUCESTER AVENUE;LARNE;154;1;2018-11-09;2018-11-09;384
190;Dr. MCILROY & PARTNERS;CORRAN SURGERY;MOYLE MEDICAL CENTRE;OLD GLENARM ROAD, LARNE;153;1;2018-11-09;2018-11-09;389
191;Dr B D Glover;ANTRIM COAST MEDICAL PRACTICE;7 THE CLONEY;GLENARM, BALLYMENA;7;1;2018-11-09;2018-11-09;386
192;Dr. BOLTON & PARTNERS;THE HEALTH CENTRE;TAYLORS AVENUE;CARRICKFERGUS;152;1;2018-11-09;2018-11-09;390
193;Dr. WILSON & PARTNERS;VICTORIA SURGERY;MOYLE MEDICAL CENTRE;OLD GLENARM ROAD, LARNE;153;1;2018-11-09;2018-11-09;391
194;Dr. BLACK & PARTNER;THE HEALTH CENTRE;GLOUCESTER AVENUE;LARNE;154;1;2018-11-09;2018-11-09;393
195;Dr. CALDWELL & PARTNERS;LARNE FAMILY PRACTICE, LARNE HEALTH CENTRE;GLOUCESTER AVENUE;LARNE;154;1;2018-11-09;2018-11-09;394
196;Dr. WILSON & PARTNER;ROCKFIELD MEDICAL CENTRE;BALLYMENA;;155;1;2018-11-09;2018-11-09;395
197;Dr. VERCOE-ROGERS & PARTNER;OLD BANK SURGERY;97 MILL STREET;BALLYMENA;156;1;2018-11-09;2018-11-09;396
198;Dr. WRAY & PARTNERS;THE HEALTH CENTRE;52 ORRITOR ROAD;COOKSTOWN;157;1;2018-11-09;2018-11-09;401
199;Dr. WHITE & PARTNERS;DRAPERSTOWN SURGERY;6 TOBERMORE ROAD;DRAPERSTOWN, MAGHERAFELT;158;1;2018-11-09;2018-11-09;402
200;Dr. DALZELL & PARTNERS;67 URBAL ROAD;COAGH;COOKSTOWN;159;1;2018-11-09;2018-11-09;404
201;Dr. FLANIGAN & PARTNERS;LOY MEDICAL CENTRE;8 LOY STREET;COOKSTOWN;165;1;2018-11-09;2018-11-09;405
202;Dr. GLANCY & PARTNERS;29 GARDEN STREET;MAGHERAFELT;CO LONDONDERRY;160;1;2018-11-09;2018-11-09;406
203;Dr. IRWIN & PARTNERS;OAKS FAMILY PRACTICE CENTRE;48 ORRITOR ROAD;COOKSTOWN;161;1;2018-11-09;2018-11-09;407
204;Dr. MCCOY & PARTNERS;THE HEALTH CENTRE;50 HILLHEAD;STEWARTSTOWN, DUNGANNON;162;1;2018-11-09;2018-11-09;409
205;Dr. SHAW & PARTNERS;MAGHERA MEDICAL CENTRE;25 CHURCH STREET;MAGHERA;163;1;2018-11-09;2018-11-09;410
206;Dr. O'KANE & PARTNERS;THE DIAMOND MEDICAL CENTRE;MARKET SQUARE;MAGHERAFELT;164;1;2018-11-09;2018-11-09;412
207;Dr. GRAHAM;LOY BUILDINGS;18 LOY STREET;COOKSTOWN;165;1;2018-11-09;2018-11-09;413
208;Dr. HINDS & PARTNERS;THE SURGERY;STATION ROAD;CASTLEDAWSON, MAGHERAFELT;166;1;2018-11-09;2018-11-09;417
209;Dr. HUNTER;FAIRHILL SURGERY;1 FAIRHILL ROAD;MAGHERAFELT CO LONDONDERRY;167;1;2018-11-09;2018-11-09;419
210;Dr. KURIACOSE & PARTNERS;MONEYMORE MEDICAL PRACTICE;3 FAIRHILL;MONEYMORE;168;1;2018-11-09;2018-11-09;420
211;Dr. MEENAN & PARTNERS;WHITEHOUSE MEDICAL GROUP PRACTICE;UNIT 29A, FIRST FLOOR, ABBEYCENTRE;LONGWOOD ROAD, NEWTOWNABBEY;169;1;2018-11-09;2018-11-09;431
212;Dr. LOGAN & PARTNERS;THE HEALTH CENTRE;GEORGE AVENUE;BALLYCLARE;170;1;2018-11-09;2018-11-09;433
213;Dr. HENDRON & PARTNERS;ABBOTS CROSS MEDICAL PRACTICE;92 DOAGH ROAD;NEWTOWNABBEY;171;1;2018-11-09;2018-11-09;434
214;Dr. BEIRNE & PARTNERS;TRAMWAYS MEDICAL CENTRE;FARMLEY ROAD;NEWTOWNABBEY;172;1;2018-11-09;2018-11-09;438
215;Dr. DORAN & PARTNERS;NOTTING HILL MEDICAL PRACTICE;DOAGH ROAD;NEWTOWNABBEY;173;1;2018-11-09;2018-11-09;440
216;Dr. CLARKE & PARTNERS;BROWNLOW HEALTH CENTRE;1 LEGAHORY CENTRE;LEGAHORY, CRAIGAVON;224;1;2018-11-09;2018-11-09;451
217;Dr. MCCLOSKEY & PARTNERS;BANBRIDGE GROUP SURGERY;1 OLD HOSPITAL ROAD;BANBRIDGE;182;1;2018-11-09;2018-11-09;453
218;Dr. HUEY & PARTNERS;THE SURGERY;11 MAIN STREET;LOUGHBRICKLAND, BANBRIDGE;174;1;2018-11-09;2018-11-09;454
219;Dr. MAGOWAN & PARTNERS;THE HEALTH CENTRE;CASTLEVIEW;GILFORD, CRAIGAVON;175;1;2018-11-09;2018-11-09;455
220;Dr. MCDONALD & PARTNERS;WYNNE HILL SURGERY;51 HILL STREET;LURGAN, CRAIGAVON;176;1;2018-11-09;2018-11-09;457
221;Dr. TROUGHTON & PARTNERS;THE HEALTH CENTRE;TAVANAGH AVENUE;PORTADOWN;188;1;2018-11-09;2018-11-09;458
222;Dr. LENNON & PARTNERS;60A MAIN STREET;DONAGHCLONEY;CRAIGAVON;177;1;2018-11-09;2018-11-09;460
223;Dr. CLARKE & PARTNER;THE HEALTH CENTRE;TAVANAGH AVENUE;PORTADOWN, CRAIGAVON;188;1;2018-11-09;2018-11-09;461
224;Dr. EAKIN & PARTNERS;60 HIGH STREET;LURGAN;CRAIGAVON;178;1;2018-11-09;2018-11-09;462
225;Dr. PATTERSON & PARTNERS;THE SURGERY;7 MOORES LANE;LURGAN, CRAIGAVON;179;1;2018-11-09;2018-11-09;463
226;Dr. O'CONNOR & PARTNERS;THE HEALTH CENTRE;TAVANAGH AVENUE;PORTADOWN, CRAIGAVON;188;1;2018-11-09;2018-11-09;464
227;Dr. ARMSTRONG & PARTNERS;28 CHURCH WALK;LURGAN;CRAIGAVON;180;1;2018-11-09;2018-11-09;465
228;Dr. MCAULEY & PARTNERS;87/89 WILLIAM STREET;LURGAN;CRAIGAVON;181;1;2018-11-09;2018-11-09;467
229;Dr. MCCANDLESS & PARTNERS;BANBRIDGE GROUP SURGERY;1 OLD HOSPITAL ROAD;BANBRIDGE;182;1;2018-11-09;2018-11-09;469
230;Dr. SHARPE & PARTNERS;RIVERSIDE PRACTICE;THE HEALTH CENTRE, TAVANAGH AVENUE;PORTADOWN, CRAIGAVON;188;1;2018-11-09;2018-11-09;470
231;Dr. MCNIFF & PARTNERS;BANBRIDGE GROUP SURGERY;1 OLD HOSPITAL ROAD;BANBRIDGE;182;1;2018-11-09;2018-11-09;471
232;Dr. MULLAN & PARTNER;SCARVA STREET SURGERY;60 SCARVA STREET;LOUGHBRICKLAND, BANBRIDGE;183;1;2018-11-09;2018-11-09;472
233;Dr. DAVIS & PARTNERS;52 MAIN STREET;MOIRA;CRAIGAVON;184;1;2018-11-09;2018-11-09;473
234;Dr. ATCHISON & PARTNERS;50 GALLOWS STREET;DROMORE;CO DOWN;185;1;2018-11-09;2018-11-09;474
235;Dr. WILSON & PARTNERS;8a LURGAN ROAD;AGHALEE;CRAIGAVON;186;1;2018-11-09;2018-11-09;475
236;Dr. LUTTON & PARTNER;THE SURGERY;32 STATION ROAD;BALLYWARD, CASTLEWELLAN;187;1;2018-11-09;2018-11-09;476
237;Dr. WILLIAMSON & PARTNERS;THE HEALTH CENTRE;TAVANAGH AVENUE;PORTADOWN, CRAIGAVON;188;1;2018-11-09;2018-11-09;477
238;Dr. HEANEN & PARTNERS;BANNVIEW MEDICAL PRACTICE;PORTADOWN HEALTH & CARE CENTRE;TAVANAGH AVENUE, PORTADOWN, CRAIGAVON;188;1;2018-11-09;2018-11-09;478
239;Dr. BURNETT & PARTNERS;THE HEALTH CENTRE;TAVANAGH AVENUE;PORTADOWN, CRAIGAVON;188;1;2018-11-09;2018-11-09;479
240;Dr. MCCLOSKEY & PARTNERS;THE OLD SCHOOL HOUSE MEDICAL CENTRE;1 ANTRIM ROAD;LURGAN, CRAIGAVON;189;1;2018-11-09;2018-11-09;482
241;Dr. MARSHALL & PARTNERS;ABBEY COURT SURGERY;DOBBIN LANE;ARMAGH;205;1;2018-11-09;2018-11-09;491
242;Dr. THOMPSON & PARTNERS;NORTHLAND SURGERY;79 CUNNINGHAMS LANE;DUNGANNON;190;1;2018-11-09;2018-11-09;493
243;Dr. BOYD & PARTNER;THE VALLEY MEDICAL PRACTICE;20 COONEEN ROAD;FIVEMILETOWN;191;1;2018-11-09;2018-11-09;494
244;Dr. CARSON & PARTNERS;CAMPBELL SURGERY;10 QUARRY LANE;DUNGANNON;192;1;2018-11-09;2018-11-09;495
245;Dr J D Adams;THE HEALTH CENTRE;TAVANAGH AVENUE;PORTADOWN, CRAIGAVON;188;1;2018-11-09;2018-11-09;481
246;Dr. MCCOLLUM & PARTNERS;WILLOWBANK;KEADY;CO ARMAGH;193;1;2018-11-09;2018-11-09;497
247;Dr. MCSHANE & PARTNER;MCSHANE AND CAMPBELL PRACTICE;MOY HEALTH CENTRE, CHARLEMONT STREET;MOY;197;1;2018-11-09;2018-11-09;498
248;Dr. POTTER & PARTNER;ERRIGAL MEDICAL CENTRE;OLD DUNGANNON ROAD;BALLYGAWLEY,DUNGANNON;194;1;2018-11-09;2018-11-09;499
249;Dr. HERRON & PARTNER;22 BARRACK STREET;COALISLAND;DUNGANNON;203;1;2018-11-09;2018-11-09;500
250;Dr. MCCONVILLE & PARTNER;MOY MEDICAL PRACTICE;CHARLEMONT STREET;MOY;197;1;2018-11-09;2018-11-09;501
251;Dr. CARLILE & PARTNERS;15 DARTAN REE;TYNAN;ARMAGH;195;1;2018-11-09;2018-11-09;502
252;Dr. WRIGHT & PARTNERS;THE HEALTH CENTRE;NEWRY STREET;MARKETHILL, ARMAGH;196;1;2018-11-09;2018-11-09;503
253;Dr. CLEARY & PARTNER;MOY MEDICAL CENTRE;CHARLEMONT STREET;MOY, DUNGANNON;197;1;2018-11-09;2018-11-09;504
254;Dr. GARLAND & PARTNERS;PARKVIEW SURGERY;SOUTH TYRONE HOSPITAL SITE, CARLAND ROAD,;DUNGANNON;198;1;2018-11-09;2018-11-09;505
255;Dr. GRIBBEN & PARTNER;2 SYDNEY LANE;AUGHNACLOY;CO TYRONE;199;1;2018-11-09;2018-11-09;506
256;Dr. WATTERS;THE HEALTH CENTRE;24A TASSAGH ROAD;KEADY;200;1;2018-11-09;2018-11-09;507
257;Dr. PICKERING & PARTNER;TANDRAGEE MEDICAL CENTRE;3 MONTAGUE STREET;TANDRAGEE, CRAIGAVON;201;1;2018-11-09;2018-11-09;508
258;Dr. MCKAY & PARTNER;57 THOMAS STREET;DUNGANNON;CO TYRONE;202;1;2018-11-09;2018-11-09;509
259;Dr. O'DONNELL & PARTNERS;THE MEDICAL CENTRE;15 BARRACK STREET;COALISLAND, DUNGANNON;203;1;2018-11-09;2018-11-09;512
260;Dr. GARVIN & PARTNERS;THE ARCHWAY SURGERY;DOBBIN LANE;ARMAGH;205;1;2018-11-09;2018-11-09;514
261;Dr. LEETCH & PARTNERS;THE HEALTH CENTRE;6 GREENVIEW, MAYNOOTH ROAD;RICHHILL, ARMAGH;204;1;2018-11-09;2018-11-09;515
262;Dr. O'HAGAN & PARTNERS;THE FRIARY SURGERY;DOBBIN LANE;ARMAGH;205;1;2018-11-09;2018-11-09;516
263;Dr. MITCHEL & PARTNER;THE SURGERY;10A LINESIDE;COALISLAND, DUNGANNON;207;1;2018-11-09;2018-11-09;519
264;Dr. MURTY;39 THOMAS STREET;DUNGANNON;CO TYRONE;206;1;2018-11-09;2018-11-09;517
265;Dr. MCAREAVY & PARTNERS;CORNMARKET SURGERY;NEWRY HEALTH VILLAGE;MONAGHAN STREET, NEWRY;215;1;2018-11-09;2018-11-09;526
266;Dr. FEE;THE HEALTH CENTRE;MCCORMICK PLACE;CROSSMAGLEN, NEWRY;208;1;2018-11-09;2018-11-09;528
267;Dr. MULVANEY & PARTNERS;CORNMARKET SURGERY;NEWRY HEALTH VILLAGE;MONAGHAN STREET, NEWRY;215;1;2018-11-09;2018-11-09;529
268;Dr. O'SHAUGHNESSY & PARTNER;THE HEALTH CENTRE;JOHN STREET;RATHFRILAND, NEWRY;218;1;2018-11-09;2018-11-09;530
269;Dr. ALLEN & PARTNER;14 KILKEEL ROAD;ANNALONG;NEWRY;209;1;2018-11-09;2018-11-09;531
270;Dr. CHAMBERS & PARTNER;KILKEEL PRIMARY CARE CENTRE;GREENCASTLE STREET;KILKEEL, NEWRY;223;1;2018-11-09;2018-11-09;532
271;Dr. VETTIANKAL;MEIGH SURGERY;5B DRUMINTEE ROAD;KILLEAVY, NEWRY;210;1;2018-11-09;2018-11-09;533
272;Dr. FEARON & PARTNERS;CLANRYE SURGERY;NEWRY HEALTH VILLAGE;MONAGHAN STREET, NEWRY;215;1;2018-11-09;2018-11-09;534
273;Dr. WADE & PARTNERS;THE HEALTH CENTRE;JOHN STREET;RATHFRILAND, NEWRY;218;1;2018-11-09;2018-11-09;535
274;Dr. MCGIVERN & PARTNERS;SUMMER HILL SURGERY;50 GREAT GEORGES STREET;WARRENPOINT, NEWRY;211;1;2018-11-09;2018-11-09;536
275;Dr. MCEVOY & PARTNERS;MCVERRY/MCEVOY MEDICAL CENTRE;NEWRY HEALTH VILLAGE;MONAGHAN STREET, NEWRY;215;1;2018-11-09;2018-11-09;537
276;Dr. FORSHAW & PARTNERS;CLANRYE SURGERY;NEWRY HEALTH VILLAGE;MONAGHAN STREET, NEWRY;215;1;2018-11-09;2018-11-09;539
277;Dr. O'NEILL & PARTNERS;MEADOWLANDS SURGERY;MONAGHAN STREET;NEWRY;215;1;2018-11-09;2018-11-09;540
278;Dr. SLOAN & PARTNERS;RATHFRILAND SURGERY;9 CASTLEWELLAN ROAD;RATHFRILAND, NEWRY;212;1;2018-11-09;2018-11-09;541
279;Dr. LAMBE & PARTNERS;53 DUNDALK STREET;NEWTOWNHAMILTON;NEWRY;213;1;2018-11-09;2018-11-09;542
280;Dr. MURPHY & PARTNERS;THE HEALTH CENTRE;SUMMERHILL;WARRENPOINT, NEWRY;214;1;2018-11-09;2018-11-09;543
281;Dr. O'REILLY & PARTNERS;CORNMARKET SURGERY;NEWRY HEALTH VILLAGE;MONAGHAN STREET, NEWRY;215;1;2018-11-09;2018-11-09;544
282;Dr. MAGUIRE & PARTNER;MAPHONER SURGERY;2A FORKHILL ROAD;MULLAGHBAWN, NEWRY;216;1;2018-11-09;2018-11-09;545
283;Dr. MCKERNAN;BESSBROOK SURGERY;7A CONVENT HILL;BESSBROOK, NEWRY;3;1;2018-11-09;2018-11-09;546
284;Dr. SHANNON & PARTNER;THE HEALTH CENTRE;JOHN STREET;RATHFRILAND, NEWRY;218;1;2018-11-09;2018-11-09;547
285;Dr. MULHOLLAND & PARTNERS;THE HEALTH CENTRE;2A MARKETHILL ROAD;NEWTOWNHAMILTON, NEWRY;219;1;2018-11-09;2018-11-09;549
286;Dr. ALLEN & PARTNER;RATHKEELAND HOUSE;1 BLANEY ROAD;CROSSMAGLEN, NEWRY;220;1;2018-11-09;2018-11-09;551
287;Dr. BONNER;MARINA SURGERY;15 HAVELOCK PLACE;WARRENPOINT, NEWRY;221;1;2018-11-09;2018-11-09;553
288;Dr. POOTS & PARTNERS;MOURNE FAMILY SURGERY;MOURNE HOSPITAL, NEWRY STREET;KILKEEL,NEWRY;222;1;2018-11-09;2018-11-09;554
289;Dr. MERCER & PARTNER;KILKEEL PRIMARY CARE CENTRE;GREENCASTLE STREET;KILKEEL, NEWRY;223;1;2018-11-09;2018-11-09;555
290;Dr. DILLON & PARTNERS;SHANLIEVE SURGERY;KILKEEL PRIMARY CARE CENTRE, GREENCASTLE STREET;KILKEEL, NEWRY;223;1;2018-11-09;2018-11-09;556
291;Dr. PATTERSON & PARTNERS;Arbor Family Practice;Brownlow Health Centre;1 LEGAHORY CENTRE, LEGAHORY, CRAIGAVON;224;1;2018-11-09;2018-11-09;557
292;Dr. MAGUIRE & PARTNERS;THE HEALTH CENTRE;ERNE ROAD;ENNISKILLEN;226;1;2018-11-09;2018-11-09;562
293;Dr. GUETTE;DEVENISH PRACTICE, THE HEALTH CENTRE;ERNE ROAD;ENNISKILLEN;226;1;2018-11-09;2018-11-09;563
294;Dr. MEADE & PARTNERS;LAKESIDE MEDICAL PRACTICE;ERNE ROAD;ENNISKILLEN;226;1;2018-11-09;2018-11-09;564
295;Dr. MCCAW & PARTNERS;IRVINESTOWN HEALTH CENTRE;CHURCH STREET;IRVINESTOWN;225;1;2018-11-09;2018-11-09;566
296;Dr. MALLON & PARTNER;THE HEALTH CENTRE;ERNE ROAD;ENNISKILLEN;226;1;2018-11-09;2018-11-09;568
297;Dr R T Leary;THE HEALTH CENTRE;DRUMHAW;LISNASKEA, ENNISKILLEN;227;1;2018-11-09;2018-11-09;561
298;Dr. CATHCART & PARTNERS;THE HEALTH CENTRE;ERNE ROAD;ENNISKILLEN;226;1;2018-11-09;2018-11-09;571
299;Dr. PORTEOUS & PARTNERS;MAPLE GROUP PRACTICE;DRUMHAW;LISNASKEA, ENNISKILLEN;227;1;2018-11-09;2018-11-09;574
300;Dr. HERDMAN & PARTNERS;RATHMORE CLINIC;BELLEEK;ENNISKILLEN;228;1;2018-11-09;2018-11-09;576
301;Dr. CROMIE & PARTNERS;BROOKEBOROUGH & TEMPO PRIMARY CARE SERVICES;9 TANYARD LANE;BROOKEBOROUGH, ENNISKILLEN;231;1;2018-11-09;2018-11-09;584
302;Dr. KIRBY & PARTNER;75 MAIN STREET;DERRYLIN;ENNISKILLEN;229;1;2018-11-09;2018-11-09;581
303;Dr. CUNNINGHAM & PARTNERS;CUILCAGH MEDICAL PRACTICE;DRUMLAGHY;FLORENCECOURT, ENNISKILLEN;232;1;2018-11-09;2018-11-09;585
304;Dr. MCCALLION & PARTNERS;CITYVIEW MEDICAL, WATERSIDE HEALTH CENTRE;SPENCER ROAD;LONDONDERRY;250;1;2018-11-09;2018-11-09;596
305;Dr. KHEW;32 MAIN STREET;DERRYGONNELLY;ENNISKILLEN;230;1;2018-11-09;2018-11-09;583
306;Dr K F Devlin;LURGANBOY PARK;CLONES ROAD;NEWTOWNBUTLER, ENNISKILLEN;9;1;2018-11-09;2018-11-09;569
307;Dr. MCQUILLAN & PARTNERS;BOVALLY MEDICAL CENTRE;2 ROSSAIR ROAD;LIMAVADY;241;1;2018-11-09;2018-11-09;597
308;Dr. DURAND & PARTNERS;QUAYSIDE MEDICAL PRACTICE;80 - 84 STRAND ROAD;LONDONDERRY;233;1;2018-11-09;2018-11-09;598
309;Dr. O'DONNELL & PARTNERS;PARK MEDICAL, THE HEALTH CENTRE;GREAT JAMES STREET;LONDONDERRY;236;1;2018-11-09;2018-11-09;599
310;DR. ME CAMPBELL;20 UPPER MAIN ST;ROSLEA;ENNISKILLEN;11;1;2018-11-09;2018-11-09;579
311;Dr. TEDDERS & PARTNERS;THE HEALTH CENTRE;IRWIN CRESCENT;CLAUDY, LONDONDERRY;234;1;2018-11-09;2018-11-09;600
312;Dr. GILLESPIE & PARTNERS;MOURNESIDE MEDICAL CENTRE;1A BALLYCOLMAN AVENUE;STRABANE;235;1;2018-11-09;2018-11-09;601
313;Dr M Mellotte;THE SURGERY;EDERNEY;ENNISKILLEN;10;1;2018-11-09;2018-11-09;578
314;Dr. DOHERTY & PARTNERS;OAKLEAF MEDICAL PRACTICE;GREAT JAMES STREET;LONDONDERRY;236;1;2018-11-09;2018-11-09;602
315;Dr. KNOX & PARTNERS;THE HEALTH CENTRE;FEENY;LONDONDERRY;237;1;2018-11-09;2018-11-09;603
316;Dr. MCCLOSKEY & PARTNERS;THE ABERFOYLE SURGERY;120 STRAND ROAD;LONDONDERRY;238;1;2018-11-09;2018-11-09;604
317;Dr J McCusker;TEMPO MEDICAL CENTRE;EDENMORE;TEMPO, ENNISKILLEN;13;1;2018-11-09;2018-11-09;586
318;Dr. FULLERTON & PARTNER;256 BERRYHILL ROAD;DUNAMANAGH;STRABANE;239;1;2018-11-09;2018-11-09;605
319;Dr M Smyth;THE SURGERY;DRUMGOON;MAGUIRESBRIDGE, ENNISKILLEN;12;1;2018-11-09;2018-11-09;582
320;Dr. BANKHEAD & PARTNERS;BRIDGE STREET MEDICAL CENTRE;BRIDGE STREET;LONDONDERRY;248;1;2018-11-09;2018-11-09;606
321;Dr. BLACK & PARTNERS;ABBEY MEDICAL PRACTICE;ABBEY STREET;LONDONDERRY;240;1;2018-11-09;2018-11-09;608
322;Dr. PRATT & PARTNERS;ROSSAIR FAMILY PRACTICE;2 ROSSAIR ROAD;LIMAVADY;241;1;2018-11-09;2018-11-09;609
323;Dr. O'FLAHERTY & PARTNERS;STRABANE HEALTH CENTRE;UPPER MAIN STREET;STRABANE;246;1;2018-11-09;2018-11-09;610
324;Dr. JOHNSTON & PARTNERS;DUNGIVEN HEALTH CENTRE;DUNGIVEN;LONDONDERRY;242;1;2018-11-09;2018-11-09;614
325;Dr. LALSINGH & PARTNERS;CLARENDON MEDICAL;35 NORTHLAND AVENUE;LONDONDERRY;243;1;2018-11-09;2018-11-09;615
326;Dr. BAILIE & PARTNERS;WESTERN RURAL HEALTHCARE;CASTLEDERG GROUP SURGERY;13A LOWER STRABANE ROAD, CASTLEDERG;244;1;2018-11-09;2018-11-09;616
327;Dr. DOHERTY;49 CLARENDON STREET;LONDONDERRY;;245;1;2018-11-09;2018-11-09;618
328;Dr. QUINN & PARTNERS;THE HEALTH CENTRE;SCROGGY ROAD;LIMAVADY;252;1;2018-11-09;2018-11-09;619
329;Dr. ETHERSON & PARTNERS;STRABANE HEALTH CENTRE;UPPER MAIN STREET;STRABANE;246;1;2018-11-09;2018-11-09;620
330;Dr. DEANE & PARTNER;NORTHSIDE MEDICAL PRACTICE;SHANTALLOW HEALTH CENTRE, RACECOURSE ROAD;LONDONDERRY;247;1;2018-11-09;2018-11-09;621
331;Dr. MCCLOSKEY & PARTNERS;RACECOURSE MEDICAL, SHANTALLOW HEALTH CENTRE;RACECOURSE ROAD;LONDONDERRY;247;1;2018-11-09;2018-11-09;622
332;Dr. LEESON & PARTNERS;FOYLESIDE FAMILY PRACTICE;BRIDGE STREET MEDICAL CENTRE;BRIDGE STREET, LONDONDERRY;248;1;2018-11-09;2018-11-09;623
333;Dr. O'FLAHERTY & PARTNERS;GLENDERMOTT MEDICAL, WATERSIDE HEALTH CENTRE;SPENCER ROAD;LONDONDERRY;250;1;2018-11-09;2018-11-09;624
334;Dr. MCEVOY & PARTNER;BAYVIEW MEDICAL CENTRE;3 BAYVIEW TERRACE;LONDONDERRY;249;1;2018-11-09;2018-11-09;625
335;Dr. HEALY & PARTNERS;RIVERFRONT MEDICAL, WATERSIDE HEALTH CENTRE;SPENCER ROAD;LONDONDERRY;250;1;2018-11-09;2018-11-09;626
336;Dr. PATTERSON & PARTNERS;EGLINTON MEDICAL PRACTICE;29 MAIN STREET;EGLINTON, LONDONDERRY;251;1;2018-11-09;2018-11-09;627
337;Dr. HENDERSON & PARTNERS;THE HEALTH CENTRE;SCROGGY ROAD;LIMAVADY;252;1;2018-11-09;2018-11-09;629
338;Dr. MONAGHAN & PARTNERS;FINTONA GROUP PRACTICE;33 DROMORE ROAD;FINTONA, OMAGH;253;1;2018-11-09;2018-11-09;651
339;Dr. RITCHIE & PARTNER;2H MAIN STREET;DRUMQUIN;CO TYRONE;254;1;2018-11-09;2018-11-09;652
340;Dr. POLLOCK & PARTNERS;GRANGE FAMILY PRACTICE;7 DONAGHANIE ROAD;OMAGH;2;1;2018-11-09;2018-11-09;654
341;Dr. SCULLY;23 OMAGH ROAD;DRUMQUIN;OMAGH;255;1;2018-11-09;2018-11-09;655
342;Drs Thompson & Greene;MEDICAL CENTRE;5 MILLBROOK STREET;NEWTOWNSTEWART, OMAGH;14;1;2018-11-09;2018-11-09;617
343;Dr. O'NEILL & PARTNERS;THREE SPIRES SURGERY;7 DONAGHANIE ROAD;OMAGH;2;1;2018-11-09;2018-11-09;657
344;Dr. CORRY & PARTNERS;CARRICKMORE HEALTH CENTRE;TERMON ROAD;CARRICKMORE, OMAGH;256;1;2018-11-09;2018-11-09;660
345;Dr. REILLY;DROMORE SURGERY;16 CAMDERRY ROAD;DROMORE, OMAGH;257;1;2018-11-09;2018-11-09;661
346;Dr. GALLAGHER & PARTNERS;DRUMRAGH FAMILY PRACTICE;7 DONAGHANIE ROAD;OMAGH;2;1;2018-11-09;2018-11-09;662
347;Dr. DEEHAN & PARTNER;STRULE MEDICAL PRACTICE;7 DONAGHANIE ROAD;OMAGH;2;1;2018-11-09;2018-11-09;663
348;Dr. HICKS & PARTNER;41 MAIN STREET;PLUMBRIDGE;OMAGH;258;1;2018-11-09;2018-11-09;664
