VTM_NM|DATE_FROM|DATE_TO|VERSION
Abacavir|2018-11-07|2018-11-07|1
Abacavir + Lamivudine + Dolutegravir|2018-11-07|2018-11-07|1
Acacia|2018-11-07|2018-11-07|1
Acamprosate|2018-11-07|2018-11-07|1
Acarbose|2018-11-07|2018-11-07|1
Acebutolol|2018-11-07|2018-11-07|1
Aceclofenac|2018-11-07|2018-11-07|1
Acemetacin|2018-11-07|2018-11-07|1
Acenocoumarol|2018-11-07|2018-11-07|1
Acetazolamide|2018-11-07|2018-11-07|1
Acetic acid|2018-11-07|2018-11-07|1
Acetic acid + Honey + Squill|2018-11-07|2018-11-07|1
Acetone|2018-11-07|2018-11-07|1
Acetylcysteine|2018-11-07|2018-11-07|1
Aciclovir|2018-11-07|2018-11-07|1
Acipimox|2018-11-07|2018-11-07|1
Acitretin|2018-11-07|2018-11-07|1
Aclidinium bromide|2018-11-07|2018-11-07|1
Aclidinium bromide + Formoterol|2018-11-07|2018-11-07|1
Acrivastine|2018-11-07|2018-11-07|1
Activated charcoal|2018-11-07|2018-11-07|1
Adapalene|2018-11-07|2018-11-07|1
Adapalene + Benzoyl peroxide|2018-11-07|2018-11-07|1
Adenosine|2018-11-07|2018-11-07|1
Adrenaline|2018-11-07|2018-11-07|1
Agomelatine|2018-11-07|2018-11-07|1
Albiglutide|2018-11-07|2018-11-07|1
Alclometasone|2018-11-07|2018-11-07|1
Aldioxa + Chloroxylenol|2018-11-07|2018-11-07|1
Alendronic acid|2018-11-07|2018-11-07|1
Alendronic acid + Colecalciferol|2018-11-07|2018-11-07|1
Alfacalcidol|2018-11-07|2018-11-07|1
Alfentanil|2018-11-07|2018-11-07|1
Alfuzosin|2018-11-07|2018-11-07|1
Alimemazine|2018-11-07|2018-11-07|1
Alirocumab|2018-11-07|2018-11-07|1
Aliskiren|2018-11-07|2018-11-07|1
Allantoin + Lidocaine|2018-11-07|2018-11-07|1
Allopurinol|2018-11-07|2018-11-07|1
Almond oil|2018-11-07|2018-11-07|1
Almotriptan|2018-11-07|2018-11-07|1
Aloes + Sumatra benzoin|2018-11-07|2018-11-07|1
Alogliptin|2018-11-07|2018-11-07|1
Alogliptin + Metformin|2018-11-07|2018-11-07|1
Alpha tocopherol|2018-11-07|2018-11-07|1
Alprostadil|2018-11-07|2018-11-07|1
Alum|2018-11-07|2018-11-07|1
Aluminium chloride|2018-11-07|2018-11-07|1
Aluminium hydroxide|2018-11-07|2018-11-07|1
Aluminium hydroxide + Magnesium trisilicate|2018-11-07|2018-11-07|1
Aluminium oxide|2018-11-07|2018-11-07|1
Alverine|2018-11-07|2018-11-07|1
Alverine + Simeticone|2018-11-07|2018-11-07|1
Amantadine|2018-11-07|2018-11-07|1
Amiloride|2018-11-07|2018-11-07|1
Amiloride + Bumetanide|2018-11-07|2018-11-07|1
Amiloride + Cyclopenthiazide|2018-11-07|2018-11-07|1
Aminophylline|2018-11-07|2018-11-07|1
Amiodarone|2018-11-07|2018-11-07|1
Amisulpride|2018-11-07|2018-11-07|1
Amitriptyline|2018-11-07|2018-11-07|1
Amitriptyline + Perphenazine|2018-11-07|2018-11-07|1
Amlodipine|2018-11-07|2018-11-07|1
Amlodipine + Valsartan|2018-11-07|2018-11-07|1
Ammonia + Ammonium bicarbonate|2018-11-07|2018-11-07|1
Ammonium bicarbonate|2018-11-07|2018-11-07|1
Ammonium bicarbonate + Ipecacuanha|2018-11-07|2018-11-07|1
Amobarbital|2018-11-07|2018-11-07|1
Amorolfine|2018-11-07|2018-11-07|1
Amoxicillin|2018-11-07|2018-11-07|1
Ampicillin|2018-11-07|2018-11-07|1
Anastrozole|2018-11-07|2018-11-07|1
Anise oil|2018-11-07|2018-11-07|1
Antazoline + Xylometazoline|2018-11-07|2018-11-07|1
Apixaban|2018-11-07|2018-11-07|1
Apomorphine|2018-11-07|2018-11-07|1
Apraclonidine|2018-11-07|2018-11-07|1
Aprepitant|2018-11-07|2018-11-07|1
Arachis oil|2018-11-07|2018-11-07|1
Arginine|2018-11-07|2018-11-07|1
Aripiprazole|2018-11-07|2018-11-07|1
Artemether + Lumefantrine|2018-11-07|2018-11-07|1
Ascorbic acid|2018-11-07|2018-11-07|1
Ascorbic acid + Zinc|2018-11-07|2018-11-07|1
Asenapine|2018-11-07|2018-11-07|1
Aspirin|2018-11-07|2018-11-07|1
Aspirin + Codeine|2018-11-07|2018-11-07|1
Aspirin + Metoclopramide|2018-11-07|2018-11-07|1
Atenolol|2018-11-07|2018-11-07|1
Atenolol + Nifedipine|2018-11-07|2018-11-07|1
Atomoxetine|2018-11-07|2018-11-07|1
Atorvastatin|2018-11-07|2018-11-07|1
Atovaquone|2018-11-07|2018-11-07|1
Atropine|2018-11-07|2018-11-07|1
Avanafil|2018-11-07|2018-11-07|1
Azathioprine|2018-11-07|2018-11-07|1
Azelaic acid|2018-11-07|2018-11-07|1
Azelastine|2018-11-07|2018-11-07|1
Azilsartan|2018-11-07|2018-11-07|1
Azithromycin|2018-11-07|2018-11-07|1
Aztreonam|2018-11-07|2018-11-07|1
Baclofen|2018-11-07|2018-11-07|1
Balsalazide|2018-11-07|2018-11-07|1
Bambuterol|2018-11-07|2018-11-07|1
Beclometasone|2018-11-07|2018-11-07|1
Beclometasone + Formoterol|2018-11-07|2018-11-07|1
Beclometasone + Formoterol + Glycopyrronium|2018-11-07|2018-11-07|1
Bendroflumethiazide|2018-11-07|2018-11-07|1
Bendroflumethiazide + Potassium|2018-11-07|2018-11-07|1
Benperidol|2018-11-07|2018-11-07|1
Benzalkonium|2018-11-07|2018-11-07|1
Benzocaine|2018-11-07|2018-11-07|1
Benzocaine + Cetylpyridinium|2018-11-07|2018-11-07|1
Benzocaine + Dequalinium|2018-11-07|2018-11-07|1
Benzocaine + Tyrothricin|2018-11-07|2018-11-07|1
Benzoyl peroxide|2018-11-07|2018-11-07|1
Benzoyl peroxide + Clindamycin|2018-11-07|2018-11-07|1
Benzoyl peroxide + Potassium hydroxyquinoline sulfate|2018-11-07|2018-11-07|1
Benzydamine|2018-11-07|2018-11-07|1
Benzyl benzoate|2018-11-07|2018-11-07|1
Benzylpenicillin|2018-11-07|2018-11-07|1
Betahistine|2018-11-07|2018-11-07|1
Betaine|2018-11-07|2018-11-07|1
Betamethasone|2018-11-07|2018-11-07|1
Betamethasone + Clioquinol|2018-11-07|2018-11-07|1
Betamethasone + Clotrimazole|2018-11-07|2018-11-07|1
Betamethasone + Fusidic acid|2018-11-07|2018-11-07|1
Betamethasone + Neomycin|2018-11-07|2018-11-07|1
Betaxolol|2018-11-07|2018-11-07|1
Bethanechol|2018-11-07|2018-11-07|1
Bezafibrate|2018-11-07|2018-11-07|1
Bicalutamide|2018-11-07|2018-11-07|1
Bifonazole|2018-11-07|2018-11-07|1
Bilastine|2018-11-07|2018-11-07|1
Bimatoprost|2018-11-07|2018-11-07|1
Bimatoprost + Timolol|2018-11-07|2018-11-07|1
Biotin|2018-11-07|2018-11-07|1
Bisacodyl|2018-11-07|2018-11-07|1
Bismuth subsalicylate|2018-11-07|2018-11-07|1
Bisoprolol|2018-11-07|2018-11-07|1
Bisoprolol + Aspirin|2018-11-07|2018-11-07|1
Brimonidine|2018-11-07|2018-11-07|1
Brimonidine + Timolol|2018-11-07|2018-11-07|1
Brinzolamide|2018-11-07|2018-11-07|1
Brinzolamide + Brimonidine|2018-11-07|2018-11-07|1
Brinzolamide + Timolol|2018-11-07|2018-11-07|1
Brivaracetam|2018-11-07|2018-11-07|1
Bromfenac|2018-11-07|2018-11-07|1
Bromocriptine|2018-11-07|2018-11-07|1
Budesonide|2018-11-07|2018-11-07|1
Budesonide + Formoterol|2018-11-07|2018-11-07|1
Bumetanide|2018-11-07|2018-11-07|1
Bupivacaine|2018-11-07|2018-11-07|1
Bupivacaine + Glucose|2018-11-07|2018-11-07|1
Buprenorphine|2018-11-07|2018-11-07|1
Buprenorphine + Naloxone|2018-11-07|2018-11-07|1
Bupropion|2018-11-07|2018-11-07|1
Buserelin|2018-11-07|2018-11-07|1
Buspirone|2018-11-07|2018-11-07|1
Busulfan|2018-11-07|2018-11-07|1
Butobarbital|2018-11-07|2018-11-07|1
CATHETERS|2018-11-07|2018-11-07|1
Cabergoline|2018-11-07|2018-11-07|1
Caffeine + Ergotamine|2018-11-07|2018-11-07|1
Caffeine citrate|2018-11-07|2018-11-07|1
Calamine + Zinc oxide|2018-11-07|2018-11-07|1
Calcipotriol|2018-11-07|2018-11-07|1
Calcipotriol + Betamethasone|2018-11-07|2018-11-07|1
Calcitonin|2018-11-07|2018-11-07|1
Calcitriol|2018-11-07|2018-11-07|1
Calcium acetate|2018-11-07|2018-11-07|1
Calcium acetate + Magnesium carbonate|2018-11-07|2018-11-07|1
Calcium carbonate|2018-11-07|2018-11-07|1
Calcium carbonate + Ergocalciferol|2018-11-07|2018-11-07|1
Calcium carbonate + Magnesium carbonate|2018-11-07|2018-11-07|1
Calcium carbonate + Sodium alginate + Sodium bicarbonate|2018-11-07|2018-11-07|1
Calcium chloride|2018-11-07|2018-11-07|1
Calcium glubionate + Calcium lactobionate|2018-11-07|2018-11-07|1
Calcium gluconate|2018-11-07|2018-11-07|1
Calcium gluconate + Calcium lactate|2018-11-07|2018-11-07|1
Calcium lactate|2018-11-07|2018-11-07|1
Calcium lactate + Calcium phosphate + Ergocalciferol|2018-11-07|2018-11-07|1
Calcium lactate gluconate + Calcium carbonate|2018-11-07|2018-11-07|1
Calcium phosphate + Colecalciferol|2018-11-07|2018-11-07|1
Calcium polystyrene sulfonate|2018-11-07|2018-11-07|1
Canagliflozin|2018-11-07|2018-11-07|1
Canagliflozin + Metformin|2018-11-07|2018-11-07|1
Candesartan|2018-11-07|2018-11-07|1
Capecitabine|2018-11-07|2018-11-07|1
Capsaicin|2018-11-07|2018-11-07|1
Captopril|2018-11-07|2018-11-07|1
Carbamazepine|2018-11-07|2018-11-07|1
Carbimazole|2018-11-07|2018-11-07|1
Carbocisteine|2018-11-07|2018-11-07|1
Carbomer|2018-11-07|2018-11-07|1
Carboprost|2018-11-07|2018-11-07|1
Carmellose|2018-11-07|2018-11-07|1
Carob seed|2018-11-07|2018-11-07|1
Carteolol|2018-11-07|2018-11-07|1
Carvedilol|2018-11-07|2018-11-07|1
Castor oil + Collodion + Colophony|2018-11-07|2018-11-07|1
Castor oil + Zinc oxide|2018-11-07|2018-11-07|1
Cefaclor|2018-11-07|2018-11-07|1
Cefadroxil|2018-11-07|2018-11-07|1
Cefalexin|2018-11-07|2018-11-07|1
Cefixime|2018-11-07|2018-11-07|1
Cefpodoxime|2018-11-07|2018-11-07|1
Cefradine|2018-11-07|2018-11-07|1
Ceftazidime|2018-11-07|2018-11-07|1
Ceftriaxone|2018-11-07|2018-11-07|1
Cefuroxime|2018-11-07|2018-11-07|1
Celecoxib|2018-11-07|2018-11-07|1
Celiprolol|2018-11-07|2018-11-07|1
Cetirizine|2018-11-07|2018-11-07|1
Cetrimide|2018-11-07|2018-11-07|1
Cetrimide + Benzalkonium|2018-11-07|2018-11-07|1
Cetrorelix|2018-11-07|2018-11-07|1
Cetylpyridinium|2018-11-07|2018-11-07|1
Chloral hydrate|2018-11-07|2018-11-07|1
Chlorambucil|2018-11-07|2018-11-07|1
Chloramphenicol|2018-11-07|2018-11-07|1
Chlordiazepoxide|2018-11-07|2018-11-07|1
Chlorhexidine|2018-11-07|2018-11-07|1
Chlorhexidine + Cetrimide|2018-11-07|2018-11-07|1
Chlorhexidine + Chlorobutanol|2018-11-07|2018-11-07|1
Chlorhexidine + Isopropyl alcohol|2018-11-07|2018-11-07|1
Chlorhexidine + Sodium fluoride|2018-11-07|2018-11-07|1
Chlorhexidine + Tetracaine|2018-11-07|2018-11-07|1
Chloroquine phosphate|2018-11-07|2018-11-07|1
Chloroxylenol|2018-11-07|2018-11-07|1
Chlorphenamine|2018-11-07|2018-11-07|1
Chlorpromazine|2018-11-07|2018-11-07|1
Chlortalidone|2018-11-07|2018-11-07|1
Cholera vaccine|2018-11-07|2018-11-07|1
Choline salicylate|2018-11-07|2018-11-07|1
Choline salicylate + Glycerol|2018-11-07|2018-11-07|1
Chondroitin|2018-11-07|2018-11-07|1
Choriogonadotropin alfa|2018-11-07|2018-11-07|1
Chorionic gonadotrophin|2018-11-07|2018-11-07|1
Ciclesonide|2018-11-07|2018-11-07|1
Ciclosporin|2018-11-07|2018-11-07|1
Cilazapril|2018-11-07|2018-11-07|1
Cilostazol|2018-11-07|2018-11-07|1
Cimetidine|2018-11-07|2018-11-07|1
Cinacalcet|2018-11-07|2018-11-07|1
Cinchocaine|2018-11-07|2018-11-07|1
Cinchocaine + Hydrocortisone|2018-11-07|2018-11-07|1
Cinchocaine + Prednisolone|2018-11-07|2018-11-07|1
Cinnarizine|2018-11-07|2018-11-07|1
Cinnarizine + Dimenhydrinate|2018-11-07|2018-11-07|1
Ciprofibrate|2018-11-07|2018-11-07|1
Ciprofloxacin|2018-11-07|2018-11-07|1
Ciprofloxacin + Dexamethasone|2018-11-07|2018-11-07|1
Citalopram|2018-11-07|2018-11-07|1
Citric acid|2018-11-07|2018-11-07|1
Citric acid + Magnesium carbonate|2018-11-07|2018-11-07|1
Clarithromycin|2018-11-07|2018-11-07|1
Clemastine|2018-11-07|2018-11-07|1
Clindamycin|2018-11-07|2018-11-07|1
Clindamycin + Tretinoin|2018-11-07|2018-11-07|1
Clioquinol + Flumetasone|2018-11-07|2018-11-07|1
Clobazam|2018-11-07|2018-11-07|1
Clobetasol|2018-11-07|2018-11-07|1
Clobetasol + Neomycin + Nystatin|2018-11-07|2018-11-07|1
Clobetasone|2018-11-07|2018-11-07|1
Clobetasone + Oxytetracycline + Nystatin|2018-11-07|2018-11-07|1
Clomethiazole|2018-11-07|2018-11-07|1
Clomifene|2018-11-07|2018-11-07|1
Clomipramine|2018-11-07|2018-11-07|1
Clonazepam|2018-11-07|2018-11-07|1
Clonidine|2018-11-07|2018-11-07|1
Clopidogrel|2018-11-07|2018-11-07|1
Cloral betaine|2018-11-07|2018-11-07|1
Clotrimazole|2018-11-07|2018-11-07|1
Clove oil|2018-11-07|2018-11-07|1
Clozapine|2018-11-07|2018-11-07|1
Co-amilofruse|2018-11-07|2018-11-07|1
Co-amilozide|2018-11-07|2018-11-07|1
Co-amoxiclav|2018-11-07|2018-11-07|1
Co-beneldopa|2018-11-07|2018-11-07|1
Co-careldopa|2018-11-07|2018-11-07|1
Co-codamol|2018-11-07|2018-11-07|1
Co-codaprin|2018-11-07|2018-11-07|1
Co-cyprindiol|2018-11-07|2018-11-07|1
Co-danthramer|2018-11-07|2018-11-07|1
Co-danthrusate|2018-11-07|2018-11-07|1
Co-dydramol|2018-11-07|2018-11-07|1
Co-fluampicil|2018-11-07|2018-11-07|1
Co-flumactone|2018-11-07|2018-11-07|1
Co-magaldrox|2018-11-07|2018-11-07|1
Co-phenotrope|2018-11-07|2018-11-07|1
Co-prenozide|2018-11-07|2018-11-07|1
Co-proxamol|2018-11-07|2018-11-07|1
Co-simalcite|2018-11-07|2018-11-07|1
Co-tenidone|2018-11-07|2018-11-07|1
Co-triamterzide|2018-11-07|2018-11-07|1
Co-trimoxazole|2018-11-07|2018-11-07|1
Co-zidocapt|2018-11-07|2018-11-07|1
Coal tar|2018-11-07|2018-11-07|1
Coal tar + Lecithin|2018-11-07|2018-11-07|1
Cod liver oil|2018-11-07|2018-11-07|1
Codeine|2018-11-07|2018-11-07|1
Colchicine|2018-11-07|2018-11-07|1
Colecalciferol|2018-11-07|2018-11-07|1
Colecalciferol + Calcium carbonate|2018-11-07|2018-11-07|1
Colesevelam|2018-11-07|2018-11-07|1
Colestipol|2018-11-07|2018-11-07|1
Colestyramine|2018-11-07|2018-11-07|1
Colistin|2018-11-07|2018-11-07|1
Conjugated oestrogens|2018-11-07|2018-11-07|1
Conjugated oestrogens + Medroxyprogesterone|2018-11-07|2018-11-07|1
Cranberry|2018-11-07|2018-11-07|1
Crotamiton|2018-11-07|2018-11-07|1
Cyanocobalamin|2018-11-07|2018-11-07|1
Cyclizine|2018-11-07|2018-11-07|1
Cyclomethicone + Isopropyl myristate|2018-11-07|2018-11-07|1
Cyclopenthiazide|2018-11-07|2018-11-07|1
Cyclopentolate|2018-11-07|2018-11-07|1
Cyclophosphamide|2018-11-07|2018-11-07|1
Cycloserine|2018-11-07|2018-11-07|1
Cyproheptadine|2018-11-07|2018-11-07|1
Cyproterone|2018-11-07|2018-11-07|1
Cystine|2018-11-07|2018-11-07|1
Dabigatran etexilate|2018-11-07|2018-11-07|1
Dalteparin|2018-11-07|2018-11-07|1
Danazol|2018-11-07|2018-11-07|1
Dantrolene|2018-11-07|2018-11-07|1
Dapagliflozin|2018-11-07|2018-11-07|1
Dapagliflozin + Metformin|2018-11-07|2018-11-07|1
Dapoxetine|2018-11-07|2018-11-07|1
Dapsone|2018-11-07|2018-11-07|1
Daptomycin|2018-11-07|2018-11-07|1
Darbepoetin alfa|2018-11-07|2018-11-07|1
Darifenacin|2018-11-07|2018-11-07|1
Deferiprone|2018-11-07|2018-11-07|1
Deflazacort|2018-11-07|2018-11-07|1
Degarelix|2018-11-07|2018-11-07|1
Demeclocycline|2018-11-07|2018-11-07|1
Denosumab|2018-11-07|2018-11-07|1
Dequalinium|2018-11-07|2018-11-07|1
Desferrioxamine|2018-11-07|2018-11-07|1
Desloratadine|2018-11-07|2018-11-07|1
Desmopressin|2018-11-07|2018-11-07|1
Desogestrel|2018-11-07|2018-11-07|1
Dexamethasone|2018-11-07|2018-11-07|1
Dexamethasone + Tobramycin|2018-11-07|2018-11-07|1
Dexamfetamine|2018-11-07|2018-11-07|1
Dexibuprofen|2018-11-07|2018-11-07|1
Dexketoprofen|2018-11-07|2018-11-07|1
Dexpanthenol|2018-11-07|2018-11-07|1
Dextromethorphan|2018-11-07|2018-11-07|1
Diamorphine|2018-11-07|2018-11-07|1
Diazepam|2018-11-07|2018-11-07|1
Diazoxide|2018-11-07|2018-11-07|1
Dibrompropamidine|2018-11-07|2018-11-07|1
Dichlorobenzyl alcohol + Amylmetacresol|2018-11-07|2018-11-07|1
Diclofenac|2018-11-07|2018-11-07|1
Diclofenac diethylammonium|2018-11-07|2018-11-07|1
Diclofenac potassium|2018-11-07|2018-11-07|1
Diclofenac sodium|2018-11-07|2018-11-07|1
Diclofenac sodium + Misoprostol|2018-11-07|2018-11-07|1
Dicycloverine|2018-11-07|2018-11-07|1
Diethyl phthalate + Methyl salicylate|2018-11-07|2018-11-07|1
Diethylamine salicylate|2018-11-07|2018-11-07|1
Diethylstilbestrol|2018-11-07|2018-11-07|1
Diflucortolone|2018-11-07|2018-11-07|1
Digoxin|2018-11-07|2018-11-07|1
Dihydrocodeine|2018-11-07|2018-11-07|1
Diltiazem|2018-11-07|2018-11-07|1
Dimethyl fumarate|2018-11-07|2018-11-07|1
Dimeticone|2018-11-07|2018-11-07|1
Dimeticone + Benzalkonium|2018-11-07|2018-11-07|1
Dimeticone + Cetrimide|2018-11-07|2018-11-07|1
Diphenhydramine|2018-11-07|2018-11-07|1
Diphtheria + Tetanus + Pertussis + Poliomyelitis + Haemophilus influenzae type B vaccine|2018-11-07|2018-11-07|1
Diphtheria + Tetanus + Pertussis + Poliomyelitis vaccine|2018-11-07|2018-11-07|1
Diphtheria + Tetanus + Poliomyelitis vaccine|2018-11-07|2018-11-07|1
Dipipanone + Cyclizine|2018-11-07|2018-11-07|1
Dipyridamole|2018-11-07|2018-11-07|1
Dipyridamole + Aspirin|2018-11-07|2018-11-07|1
Disopyramide|2018-11-07|2018-11-07|1
Distigmine|2018-11-07|2018-11-07|1
Disulfiram|2018-11-07|2018-11-07|1
Dithranol|2018-11-07|2018-11-07|1
Dithranol + Salicylic acid|2018-11-07|2018-11-07|1
Docusate|2018-11-07|2018-11-07|1
Domperidone|2018-11-07|2018-11-07|1
Donepezil|2018-11-07|2018-11-07|1
Dornase alfa|2018-11-07|2018-11-07|1
Dorzolamide|2018-11-07|2018-11-07|1
Dorzolamide + Timolol|2018-11-07|2018-11-07|1
Dosulepin|2018-11-07|2018-11-07|1
Doxazosin|2018-11-07|2018-11-07|1
Doxepin|2018-11-07|2018-11-07|1
Doxycycline|2018-11-07|2018-11-07|1
Dronabinol + Cannabidiol|2018-11-07|2018-11-07|1
Dronedarone|2018-11-07|2018-11-07|1
Dulaglutide|2018-11-07|2018-11-07|1
Duloxetine|2018-11-07|2018-11-07|1
Dutasteride|2018-11-07|2018-11-07|1
Econazole|2018-11-07|2018-11-07|1
Edoxaban|2018-11-07|2018-11-07|1
Efavirenz|2018-11-07|2018-11-07|1
Eflornithine|2018-11-07|2018-11-07|1
Eicosapentaenoic acid + Docosahexaenoic acid|2018-11-07|2018-11-07|1
Eletriptan|2018-11-07|2018-11-07|1
Emedastine|2018-11-07|2018-11-07|1
Empagliflozin|2018-11-07|2018-11-07|1
Empagliflozin + Metformin|2018-11-07|2018-11-07|1
Emulsifying ointment + Phenoxyethanol|2018-11-07|2018-11-07|1
Emulsifying wax + Liquid paraffin + White soft paraffin|2018-11-07|2018-11-07|1
Emulsifying wax + Yellow soft paraffin|2018-11-07|2018-11-07|1
Enalapril|2018-11-07|2018-11-07|1
Enalapril + Hydrochlorothiazide|2018-11-07|2018-11-07|1
Enoxaparin|2018-11-07|2018-11-07|1
Entacapone|2018-11-07|2018-11-07|1
Ephedrine|2018-11-07|2018-11-07|1
Ephedrine + Chlorphenamine|2018-11-07|2018-11-07|1
Epinastine|2018-11-07|2018-11-07|1
Eplerenone|2018-11-07|2018-11-07|1
Epoetin alfa|2018-11-07|2018-11-07|1
Epoetin beta|2018-11-07|2018-11-07|1
Eprosartan|2018-11-07|2018-11-07|1
Erdosteine|2018-11-07|2018-11-07|1
Ergocalciferol|2018-11-07|2018-11-07|1
Ergometrine + Oxytocin|2018-11-07|2018-11-07|1
Erlotinib|2018-11-07|2018-11-07|1
Ertapenem|2018-11-07|2018-11-07|1
Erythromycin|2018-11-07|2018-11-07|1
Erythromycin + Isotretinoin|2018-11-07|2018-11-07|1
Erythromycin + Tretinoin|2018-11-07|2018-11-07|1
Erythromycin + Zinc acetate|2018-11-07|2018-11-07|1
Erythromycin ethyl succinate|2018-11-07|2018-11-07|1
Erythromycin stearate|2018-11-07|2018-11-07|1
Escitalopram|2018-11-07|2018-11-07|1
Eslicarbazepine|2018-11-07|2018-11-07|1
Esomeprazole|2018-11-07|2018-11-07|1
Estradiol|2018-11-07|2018-11-07|1
Estradiol + Drospirenone|2018-11-07|2018-11-07|1
Estradiol + Dydrogesterone|2018-11-07|2018-11-07|1
Estradiol + Levonorgestrel|2018-11-07|2018-11-07|1
Estradiol + Medroxyprogesterone|2018-11-07|2018-11-07|1
Estradiol + Nomegestrol|2018-11-07|2018-11-07|1
Estradiol + Norethisterone|2018-11-07|2018-11-07|1
Estradiol + Norethisterone acetate|2018-11-07|2018-11-07|1
Estramustine|2018-11-07|2018-11-07|1
Estriol|2018-11-07|2018-11-07|1
Etamsylate|2018-11-07|2018-11-07|1
Etanercept|2018-11-07|2018-11-07|1
Ethambutol|2018-11-07|2018-11-07|1
Ethinylestradiol|2018-11-07|2018-11-07|1
Ethinylestradiol + Desogestrel|2018-11-07|2018-11-07|1
Ethinylestradiol + Drospirenone|2018-11-07|2018-11-07|1
Ethinylestradiol + Etonogestrel|2018-11-07|2018-11-07|1
Ethinylestradiol + Gestodene|2018-11-07|2018-11-07|1
Ethinylestradiol + Levonorgestrel|2018-11-07|2018-11-07|1
Ethinylestradiol + Norelgestromin|2018-11-07|2018-11-07|1
Ethinylestradiol + Norethisterone|2018-11-07|2018-11-07|1
Ethinylestradiol + Norethisterone acetate|2018-11-07|2018-11-07|1
Ethinylestradiol + Norgestimate|2018-11-07|2018-11-07|1
Ethosuximide|2018-11-07|2018-11-07|1
Etodolac|2018-11-07|2018-11-07|1
Etonogestrel|2018-11-07|2018-11-07|1
Etoricoxib|2018-11-07|2018-11-07|1
Etynodiol|2018-11-07|2018-11-07|1
Eucalyptus oil|2018-11-07|2018-11-07|1
Everolimus|2018-11-07|2018-11-07|1
Evolocumab|2018-11-07|2018-11-07|1
Exemestane|2018-11-07|2018-11-07|1
Exenatide|2018-11-07|2018-11-07|1
Ezetimibe|2018-11-07|2018-11-07|1
Famciclovir|2018-11-07|2018-11-07|1
Famotidine|2018-11-07|2018-11-07|1
Febuxostat|2018-11-07|2018-11-07|1
Felbinac|2018-11-07|2018-11-07|1
Felodipine|2018-11-07|2018-11-07|1
Felodipine + Ramipril|2018-11-07|2018-11-07|1
Fenofibrate + Simvastatin|2018-11-07|2018-11-07|1
Fenofibrate micronised|2018-11-07|2018-11-07|1
Fenoprofen|2018-11-07|2018-11-07|1
Fentanyl|2018-11-07|2018-11-07|1
Ferric chloride|2018-11-07|2018-11-07|1
Ferric maltol|2018-11-07|2018-11-07|1
Ferrous fumarate|2018-11-07|2018-11-07|1
Ferrous fumarate + Folic acid|2018-11-07|2018-11-07|1
Ferrous gluconate|2018-11-07|2018-11-07|1
Ferrous sulfate|2018-11-07|2018-11-07|1
Ferrous sulfate + Ascorbic acid|2018-11-07|2018-11-07|1
Ferrous sulfate + Folic acid|2018-11-07|2018-11-07|1
Fesoterodine|2018-11-07|2018-11-07|1
Fexofenadine|2018-11-07|2018-11-07|1
Filgrastim|2018-11-07|2018-11-07|1
Finasteride|2018-11-07|2018-11-07|1
Fish oil|2018-11-07|2018-11-07|1
Flavoxate|2018-11-07|2018-11-07|1
Flecainide|2018-11-07|2018-11-07|1
Flucloxacillin|2018-11-07|2018-11-07|1
Fluconazole|2018-11-07|2018-11-07|1
Fludrocortisone|2018-11-07|2018-11-07|1
Fludroxycortide|2018-11-07|2018-11-07|1
Flumazenil|2018-11-07|2018-11-07|1
Flumetasone + Clioquinol|2018-11-07|2018-11-07|1
Fluocinolone acetonide|2018-11-07|2018-11-07|1
Fluocinolone acetonide + Clioquinol|2018-11-07|2018-11-07|1
Fluocinolone acetonide + Neomycin|2018-11-07|2018-11-07|1
Fluocinonide|2018-11-07|2018-11-07|1
Fluocortolone + Fluocortolone hexanoate|2018-11-07|2018-11-07|1
Fluocortolone hexanoate + Fluocortolone pivalate|2018-11-07|2018-11-07|1
Fluorescein|2018-11-07|2018-11-07|1
Fluorometholone|2018-11-07|2018-11-07|1
Fluorouracil|2018-11-07|2018-11-07|1
Fluorouracil + Salicylic acid|2018-11-07|2018-11-07|1
Fluoxetine|2018-11-07|2018-11-07|1
Flupentixol decanoate|2018-11-07|2018-11-07|1
Flupentixol dihydrochloride|2018-11-07|2018-11-07|1
Fluphenazine decanoate|2018-11-07|2018-11-07|1
Flurbiprofen|2018-11-07|2018-11-07|1
Flutamide|2018-11-07|2018-11-07|1
Fluticasone|2018-11-07|2018-11-07|1
Fluticasone + Azelastine|2018-11-07|2018-11-07|1
Fluticasone + Formoterol|2018-11-07|2018-11-07|1
Fluticasone + Salmeterol|2018-11-07|2018-11-07|1
Fluticasone + Umeclidinium bromide + Vilanterol|2018-11-07|2018-11-07|1
Fluticasone + Vilanterol|2018-11-07|2018-11-07|1
Fluvastatin|2018-11-07|2018-11-07|1
Fluvoxamine|2018-11-07|2018-11-07|1
Folic acid|2018-11-07|2018-11-07|1
Folinic acid|2018-11-07|2018-11-07|1
Follitropin alfa|2018-11-07|2018-11-07|1
Follitropin alfa + Lutropin alfa|2018-11-07|2018-11-07|1
Follitropin beta|2018-11-07|2018-11-07|1
Fondaparinux|2018-11-07|2018-11-07|1
Fondaparinux sodium|2018-11-07|2018-11-07|1
Formaldehyde|2018-11-07|2018-11-07|1
Formoterol|2018-11-07|2018-11-07|1
Fosfomycin|2018-11-07|2018-11-07|1
Fosinopril|2018-11-07|2018-11-07|1
Fosphenytoin|2018-11-07|2018-11-07|1
Frovatriptan|2018-11-07|2018-11-07|1
Fulvestrant|2018-11-07|2018-11-07|1
Furosemide|2018-11-07|2018-11-07|1
Fusidic acid|2018-11-07|2018-11-07|1
Gabapentin|2018-11-07|2018-11-07|1
Galantamine|2018-11-07|2018-11-07|1
Gamolenic acid|2018-11-07|2018-11-07|1
Ganciclovir|2018-11-07|2018-11-07|1
Gemfibrozil|2018-11-07|2018-11-07|1
Gentamicin|2018-11-07|2018-11-07|1
Glibenclamide|2018-11-07|2018-11-07|1
Gliclazide|2018-11-07|2018-11-07|1
Glimepiride|2018-11-07|2018-11-07|1
Glipizide|2018-11-07|2018-11-07|1
Glucagon|2018-11-07|2018-11-07|1
Glucosamine hydrochloride|2018-11-07|2018-11-07|1
Glucosamine hydrochloride + Chondroitin|2018-11-07|2018-11-07|1
Glucosamine sulfate|2018-11-07|2018-11-07|1
Glucosamine sulfate + Chondroitin|2018-11-07|2018-11-07|1
Glucose|2018-11-07|2018-11-07|1
Glucose + Glycerol|2018-11-07|2018-11-07|1
Glutaraldehyde|2018-11-07|2018-11-07|1
Glycerol|2018-11-07|2018-11-07|1
Glycerol + Magnesium sulfate + Phenol|2018-11-07|2018-11-07|1
Glyceryl trinitrate|2018-11-07|2018-11-07|1
Glycopyrronium|2018-11-07|2018-11-07|1
Goserelin|2018-11-07|2018-11-07|1
Granisetron|2018-11-07|2018-11-07|1
Grass pollen|2018-11-07|2018-11-07|1
Griseofulvin|2018-11-07|2018-11-07|1
Guaifenesin|2018-11-07|2018-11-07|1
Guaifenesin + Menthol|2018-11-07|2018-11-07|1
Guanfacine|2018-11-07|2018-11-07|1
Haemophilus influenzae type b + Meningococcal group C vaccine|2018-11-07|2018-11-07|1
Halogenated phenols + Phenol|2018-11-07|2018-11-07|1
Haloperidol|2018-11-07|2018-11-07|1
Haloperidol decanoate|2018-11-07|2018-11-07|1
Hamamelis|2018-11-07|2018-11-07|1
Hamamelis + Naphazoline|2018-11-07|2018-11-07|1
Heparin|2018-11-07|2018-11-07|1
Heparinoid|2018-11-07|2018-11-07|1
Hepatitis A + B vaccine|2018-11-07|2018-11-07|1
Hepatitis A + Typhoid vaccine|2018-11-07|2018-11-07|1
Hepatitis A vaccine|2018-11-07|2018-11-07|1
Hepatitis B vaccine|2018-11-07|2018-11-07|1
Hexetidine|2018-11-07|2018-11-07|1
Hexylresorcinol|2018-11-07|2018-11-07|1
Homeopathic apis mellifica + Homeopathic belladonna|2018-11-07|2018-11-07|1
Homeopathic arnica montana|2018-11-07|2018-11-07|1
Homeopathic arnica montana + Homeopathic urtica urens|2018-11-07|2018-11-07|1
Homeopathic chamomilla|2018-11-07|2018-11-07|1
Homeopathic dulcamara + Homeopathic lysimachia nummularia|2018-11-07|2018-11-07|1
Honey|2018-11-07|2018-11-07|1
Human papillomavirus vaccine|2018-11-07|2018-11-07|1
Hyaluronidase|2018-11-07|2018-11-07|1
Hydralazine|2018-11-07|2018-11-07|1
Hydrochlorothiazide + Quinapril|2018-11-07|2018-11-07|1
Hydrocortisone|2018-11-07|2018-11-07|1
Hydrocortisone + Clotrimazole|2018-11-07|2018-11-07|1
Hydrocortisone + Crotamiton|2018-11-07|2018-11-07|1
Hydrocortisone + Fusidic acid|2018-11-07|2018-11-07|1
Hydrocortisone + Gentamicin|2018-11-07|2018-11-07|1
Hydrocortisone + Miconazole|2018-11-07|2018-11-07|1
Hydrocortisone + Pramocaine|2018-11-07|2018-11-07|1
Hydrocortisone + Urea|2018-11-07|2018-11-07|1
Hydrocortisone butyrate|2018-11-07|2018-11-07|1
Hydrogen peroxide|2018-11-07|2018-11-07|1
Hydromorphone|2018-11-07|2018-11-07|1
Hydroxocobalamin|2018-11-07|2018-11-07|1
Hydroxycarbamide|2018-11-07|2018-11-07|1
Hydroxychloroquine|2018-11-07|2018-11-07|1
Hydroxyethyl salicylate + Methyl nicotinate|2018-11-07|2018-11-07|1
Hydroxyzine|2018-11-07|2018-11-07|1
Hyetellose|2018-11-07|2018-11-07|1
Hyoscine (base)|2018-11-07|2018-11-07|1
Hyoscine butylbromide|2018-11-07|2018-11-07|1
Hyoscine hydrobromide|2018-11-07|2018-11-07|1
Hypochlorite|2018-11-07|2018-11-07|1
Hypromellose|2018-11-07|2018-11-07|1
Hypromellose + Dextran 70|2018-11-07|2018-11-07|1
Ibandronic acid|2018-11-07|2018-11-07|1
Ibuprofen|2018-11-07|2018-11-07|1
Ibuprofen + Codeine|2018-11-07|2018-11-07|1
Ibuprofen + Levomenthol|2018-11-07|2018-11-07|1
Ibuprofen + Pseudoephedrine|2018-11-07|2018-11-07|1
Ichthammol|2018-11-07|2018-11-07|1
Ichthammol + Zinc oxide|2018-11-07|2018-11-07|1
Idoxuridine|2018-11-07|2018-11-07|1
Imatinib|2018-11-07|2018-11-07|1
Imidapril|2018-11-07|2018-11-07|1
Imipenem + Cilastatin|2018-11-07|2018-11-07|1
Imipramine|2018-11-07|2018-11-07|1
Imiquimod|2018-11-07|2018-11-07|1
Indacaterol|2018-11-07|2018-11-07|1
Indacaterol + Glycopyrronium|2018-11-07|2018-11-07|1
Indapamide|2018-11-07|2018-11-07|1
Indinavir|2018-11-07|2018-11-07|1
Indometacin|2018-11-07|2018-11-07|1
Indoramin|2018-11-07|2018-11-07|1
Industrial methylated spirit + Povidone-Iodine|2018-11-07|2018-11-07|1
Industrial methylated spirit + Soft soap|2018-11-07|2018-11-07|1
Infliximab|2018-11-07|2018-11-07|1
Influenza vaccine|2018-11-07|2018-11-07|1
Ingenol mebutate|2018-11-07|2018-11-07|1
Inosine acedoben dimepranol|2018-11-07|2018-11-07|1
Inositol nicotinate|2018-11-07|2018-11-07|1
Insulin aspart|2018-11-07|2018-11-07|1
Insulin aspart biphasic|2018-11-07|2018-11-07|1
Insulin degludec|2018-11-07|2018-11-07|1
Insulin degludec + Liraglutide|2018-11-07|2018-11-07|1
Insulin detemir|2018-11-07|2018-11-07|1
Insulin glargine|2018-11-07|2018-11-07|1
Insulin glulisine|2018-11-07|2018-11-07|1
Insulin isophane biphasic human|2018-11-07|2018-11-07|1
Insulin isophane biphasic porcine|2018-11-07|2018-11-07|1
Insulin isophane bovine|2018-11-07|2018-11-07|1
Insulin isophane human|2018-11-07|2018-11-07|1
Insulin isophane porcine|2018-11-07|2018-11-07|1
Insulin lispro|2018-11-07|2018-11-07|1
Insulin lispro biphasic|2018-11-07|2018-11-07|1
Insulin mixed bovine|2018-11-07|2018-11-07|1
Insulin protamine zinc bovine|2018-11-07|2018-11-07|1
Insulin soluble bovine|2018-11-07|2018-11-07|1
Insulin soluble human|2018-11-07|2018-11-07|1
Insulin soluble porcine|2018-11-07|2018-11-07|1
Interferon alfa-2a|2018-11-07|2018-11-07|1
Interferon alfa-2b|2018-11-07|2018-11-07|1
Interferon beta-1a|2018-11-07|2018-11-07|1
Ipratropium|2018-11-07|2018-11-07|1
Irbesartan|2018-11-07|2018-11-07|1
Irbesartan + Hydrochlorothiazide|2018-11-07|2018-11-07|1
Iron dextran|2018-11-07|2018-11-07|1
Iron sucrose|2018-11-07|2018-11-07|1
Isocarboxazid|2018-11-07|2018-11-07|1
Isoniazid|2018-11-07|2018-11-07|1
Isopropyl alcohol|2018-11-07|2018-11-07|1
Isosorbide dinitrate|2018-11-07|2018-11-07|1
Isosorbide mononitrate|2018-11-07|2018-11-07|1
Isotretinoin|2018-11-07|2018-11-07|1
Isotretinoin + Erythromycin|2018-11-07|2018-11-07|1
Ispaghula husk|2018-11-07|2018-11-07|1
Ispaghula husk + Mebeverine|2018-11-07|2018-11-07|1
Isradipine|2018-11-07|2018-11-07|1
Itraconazole|2018-11-07|2018-11-07|1
Ivabradine|2018-11-07|2018-11-07|1
Ivermectin|2018-11-07|2018-11-07|1
Japanese encephalitis vaccine|2018-11-07|2018-11-07|1
Kaolin|2018-11-07|2018-11-07|1
Kaolin + Morphine|2018-11-07|2018-11-07|1
Ketamine|2018-11-07|2018-11-07|1
Ketoconazole|2018-11-07|2018-11-07|1
Ketoprofen|2018-11-07|2018-11-07|1
Ketoprofen + Omeprazole|2018-11-07|2018-11-07|1
Ketorolac|2018-11-07|2018-11-07|1
Ketotifen|2018-11-07|2018-11-07|1
L-Phenylalanine|2018-11-07|2018-11-07|1
LYMPHOEDEMA GARMENT|2018-11-07|2018-11-07|1
LYMPHOEDEMA GARMENTS|2018-11-07|2018-11-07|1
Labetalol|2018-11-07|2018-11-07|1
Lacidipine|2018-11-07|2018-11-07|1
Lacosamide|2018-11-07|2018-11-07|1
Lactic acid|2018-11-07|2018-11-07|1
Lactobacillus|2018-11-07|2018-11-07|1
Lactulose|2018-11-07|2018-11-07|1
Lamivudine|2018-11-07|2018-11-07|1
Lamotrigine|2018-11-07|2018-11-07|1
Lanreotide|2018-11-07|2018-11-07|1
Lansoprazole|2018-11-07|2018-11-07|1
Lanthanum carbonate|2018-11-07|2018-11-07|1
Lapatinib|2018-11-07|2018-11-07|1
Latanoprost|2018-11-07|2018-11-07|1
Latanoprost + Timolol|2018-11-07|2018-11-07|1
Lauromacrogol 400 + Heparinoid|2018-11-07|2018-11-07|1
Lavender oil|2018-11-07|2018-11-07|1
Leflunomide|2018-11-07|2018-11-07|1
Lercanidipine|2018-11-07|2018-11-07|1
Letrozole|2018-11-07|2018-11-07|1
Leuprorelin|2018-11-07|2018-11-07|1
Levetiracetam|2018-11-07|2018-11-07|1
Levobunolol|2018-11-07|2018-11-07|1
Levocarnitine|2018-11-07|2018-11-07|1
Levocetirizine|2018-11-07|2018-11-07|1
Levodopa + Carbidopa + Entacapone|2018-11-07|2018-11-07|1
Levofloxacin|2018-11-07|2018-11-07|1
Levofolinic acid|2018-11-07|2018-11-07|1
Levomepromazine|2018-11-07|2018-11-07|1
Levonorgestrel|2018-11-07|2018-11-07|1
Levothyroxine|2018-11-07|2018-11-07|1
Lidocaine|2018-11-07|2018-11-07|1
Lidocaine + Adrenaline|2018-11-07|2018-11-07|1
Lidocaine + Aminoacridine|2018-11-07|2018-11-07|1
Lidocaine + Cetalkonium|2018-11-07|2018-11-07|1
Lidocaine + Cetylpyridinium|2018-11-07|2018-11-07|1
Lidocaine + Chlorhexidine|2018-11-07|2018-11-07|1
Lidocaine + Hydrocortisone|2018-11-07|2018-11-07|1
Lidocaine + Phenylephrine|2018-11-07|2018-11-07|1
Lidocaine + Prilocaine|2018-11-07|2018-11-07|1
Linaclotide|2018-11-07|2018-11-07|1
Linagliptin|2018-11-07|2018-11-07|1
Linagliptin + Metformin|2018-11-07|2018-11-07|1
Linezolid|2018-11-07|2018-11-07|1
Linseed oil|2018-11-07|2018-11-07|1
Liothyronine|2018-11-07|2018-11-07|1
Liquid paraffin|2018-11-07|2018-11-07|1
Liquid paraffin + Acetylated wool alcohols|2018-11-07|2018-11-07|1
Liquid paraffin + Isopropyl myristate|2018-11-07|2018-11-07|1
Liquid paraffin + Magnesium hydroxide|2018-11-07|2018-11-07|1
Liquorice|2018-11-07|2018-11-07|1
Liraglutide|2018-11-07|2018-11-07|1
Lisdexamfetamine|2018-11-07|2018-11-07|1
Lisinopril|2018-11-07|2018-11-07|1
Lisinopril + Hydrochlorothiazide|2018-11-07|2018-11-07|1
Lithium carbonate|2018-11-07|2018-11-07|1
Lithium citrate|2018-11-07|2018-11-07|1
Lixisenatide|2018-11-07|2018-11-07|1
Lodoxamide|2018-11-07|2018-11-07|1
Lofepramine|2018-11-07|2018-11-07|1
Lofexidine|2018-11-07|2018-11-07|1
Loperamide|2018-11-07|2018-11-07|1
Lopinavir + Ritonavir|2018-11-07|2018-11-07|1
Loprazolam|2018-11-07|2018-11-07|1
Loratadine|2018-11-07|2018-11-07|1
Lorazepam|2018-11-07|2018-11-07|1
Lormetazepam|2018-11-07|2018-11-07|1
Losartan|2018-11-07|2018-11-07|1
Losartan + Hydrochlorothiazide|2018-11-07|2018-11-07|1
Loteprednol|2018-11-07|2018-11-07|1
Lubiprostone|2018-11-07|2018-11-07|1
Lurasidone|2018-11-07|2018-11-07|1
Lutropin alfa|2018-11-07|2018-11-07|1
Lymecycline|2018-11-07|2018-11-07|1
Macrogol 3350|2018-11-07|2018-11-07|1
Macrogol 4000|2018-11-07|2018-11-07|1
Magnesium aspartate|2018-11-07|2018-11-07|1
Magnesium carbonate|2018-11-07|2018-11-07|1
Magnesium carbonate + Magnesium trisilicate + Sodium bicarbonate|2018-11-07|2018-11-07|1
Magnesium citrate|2018-11-07|2018-11-07|1
Magnesium glycerophosphate|2018-11-07|2018-11-07|1
Magnesium hydroxide|2018-11-07|2018-11-07|1
Magnesium oxide|2018-11-07|2018-11-07|1
Magnesium sulfate|2018-11-07|2018-11-07|1
Maize starch|2018-11-07|2018-11-07|1
Malathion|2018-11-07|2018-11-07|1
Measles + Mumps + Rubella vaccine|2018-11-07|2018-11-07|1
Mebendazole|2018-11-07|2018-11-07|1
Mebeverine|2018-11-07|2018-11-07|1
Mecysteine|2018-11-07|2018-11-07|1
Medium-chain triglycerides|2018-11-07|2018-11-07|1
Medroxyprogesterone|2018-11-07|2018-11-07|1
Mefenamic acid|2018-11-07|2018-11-07|1
Mefloquine|2018-11-07|2018-11-07|1
Megestrol|2018-11-07|2018-11-07|1
Melatonin|2018-11-07|2018-11-07|1
Meloxicam|2018-11-07|2018-11-07|1
Melphalan|2018-11-07|2018-11-07|1
Memantine|2018-11-07|2018-11-07|1
Menadiol|2018-11-07|2018-11-07|1
Meningococcal group B vaccine|2018-11-07|2018-11-07|1
Meningococcal groups A + C + W135 + Y vaccine|2018-11-07|2018-11-07|1
Menotrophin|2018-11-07|2018-11-07|1
Menthol|2018-11-07|2018-11-07|1
Menthol + Eucalyptus|2018-11-07|2018-11-07|1
Meprobamate|2018-11-07|2018-11-07|1
Meptazinol|2018-11-07|2018-11-07|1
Mepyramine|2018-11-07|2018-11-07|1
Mercaptamine|2018-11-07|2018-11-07|1
Mercaptopurine|2018-11-07|2018-11-07|1
Meropenem|2018-11-07|2018-11-07|1
Mesalazine|2018-11-07|2018-11-07|1
Mesterolone|2018-11-07|2018-11-07|1
Mestranol + Norethisterone|2018-11-07|2018-11-07|1
Metformin|2018-11-07|2018-11-07|1
Methadone|2018-11-07|2018-11-07|1
Methenamine|2018-11-07|2018-11-07|1
Methocarbamol|2018-11-07|2018-11-07|1
Methotrexate|2018-11-07|2018-11-07|1
Methoxy polyethylene glycol-epoetin beta|2018-11-07|2018-11-07|1
Methyl salicylate|2018-11-07|2018-11-07|1
Methyl salicylate + Menthol|2018-11-07|2018-11-07|1
Methylcellulose|2018-11-07|2018-11-07|1
Methyldopa|2018-11-07|2018-11-07|1
Methylnaltrexone bromide|2018-11-07|2018-11-07|1
Methylphenidate|2018-11-07|2018-11-07|1
Methylprednisolone|2018-11-07|2018-11-07|1
Methylprednisolone + Lidocaine|2018-11-07|2018-11-07|1
Methylprednisolone acetate|2018-11-07|2018-11-07|1
Methylprednisolone sodium succinate|2018-11-07|2018-11-07|1
Metoclopramide|2018-11-07|2018-11-07|1
Metoprolol|2018-11-07|2018-11-07|1
Metronidazole|2018-11-07|2018-11-07|1
Metyrapone|2018-11-07|2018-11-07|1
Mianserin|2018-11-07|2018-11-07|1
Micafungin|2018-11-07|2018-11-07|1
Miconazole|2018-11-07|2018-11-07|1
Midazolam|2018-11-07|2018-11-07|1
Midodrine|2018-11-07|2018-11-07|1
Milrinone|2018-11-07|2018-11-07|1
Minocycline|2018-11-07|2018-11-07|1
Minoxidil|2018-11-07|2018-11-07|1
Mirabegron|2018-11-07|2018-11-07|1
Mirtazapine|2018-11-07|2018-11-07|1
Misoprostol|2018-11-07|2018-11-07|1
Mizolastine|2018-11-07|2018-11-07|1
Moclobemide|2018-11-07|2018-11-07|1
Modafinil|2018-11-07|2018-11-07|1
Moexipril|2018-11-07|2018-11-07|1
Mometasone|2018-11-07|2018-11-07|1
Montelukast|2018-11-07|2018-11-07|1
Moroctocog alfa|2018-11-07|2018-11-07|1
Morphine|2018-11-07|2018-11-07|1
Morphine + Cyclizine|2018-11-07|2018-11-07|1
Moxifloxacin|2018-11-07|2018-11-07|1
Moxisylyte|2018-11-07|2018-11-07|1
Moxonidine|2018-11-07|2018-11-07|1
Mucin + Xylitol|2018-11-07|2018-11-07|1
Mupirocin|2018-11-07|2018-11-07|1
Mycophenolate mofetil|2018-11-07|2018-11-07|1
Mycophenolic acid|2018-11-07|2018-11-07|1
Nabilone|2018-11-07|2018-11-07|1
Nabumetone|2018-11-07|2018-11-07|1
Nadolol|2018-11-07|2018-11-07|1
Nafarelin|2018-11-07|2018-11-07|1
Naftidrofuryl|2018-11-07|2018-11-07|1
Nalmefene|2018-11-07|2018-11-07|1
Naloxegol|2018-11-07|2018-11-07|1
Naloxone|2018-11-07|2018-11-07|1
Naltrexone|2018-11-07|2018-11-07|1
Naltrexone + Bupropion|2018-11-07|2018-11-07|1
Nandrolone|2018-11-07|2018-11-07|1
Naphazoline|2018-11-07|2018-11-07|1
Naproxen|2018-11-07|2018-11-07|1
Naproxen + Esomeprazole|2018-11-07|2018-11-07|1
Naratriptan|2018-11-07|2018-11-07|1
Nateglinide|2018-11-07|2018-11-07|1
Nebivolol|2018-11-07|2018-11-07|1
Nedocromil|2018-11-07|2018-11-07|1
Nefopam|2018-11-07|2018-11-07|1
Nelfinavir|2018-11-07|2018-11-07|1
Neomycin|2018-11-07|2018-11-07|1
Neomycin + Chlorhexidine|2018-11-07|2018-11-07|1
Neostigmine|2018-11-07|2018-11-07|1
Nepafenac|2018-11-07|2018-11-07|1
Nevirapine|2018-11-07|2018-11-07|1
Nicardipine|2018-11-07|2018-11-07|1
Nicorandil|2018-11-07|2018-11-07|1
Nicotinamide|2018-11-07|2018-11-07|1
Nicotinamide + Riboflavine + Thiamine|2018-11-07|2018-11-07|1
Nicotine|2018-11-07|2018-11-07|1
Nicotinic acid + Laropiprant|2018-11-07|2018-11-07|1
Nifedipine|2018-11-07|2018-11-07|1
Nimodipine|2018-11-07|2018-11-07|1
Nitrazepam|2018-11-07|2018-11-07|1
Nitrofurantoin|2018-11-07|2018-11-07|1
Nizatidine|2018-11-07|2018-11-07|1
Nonoxinol|2018-11-07|2018-11-07|1
Norethisterone|2018-11-07|2018-11-07|1
Norethisterone enantate|2018-11-07|2018-11-07|1
Norfloxacin|2018-11-07|2018-11-07|1
Nortriptyline|2018-11-07|2018-11-07|1
Nystatin|2018-11-07|2018-11-07|1
Nystatin + Chlorhexidine|2018-11-07|2018-11-07|1
Nystatin + Chlorhexidine + Hydrocortisone|2018-11-07|2018-11-07|1
Octreotide|2018-11-07|2018-11-07|1
Ofloxacin|2018-11-07|2018-11-07|1
Olanzapine|2018-11-07|2018-11-07|1
Olanzapine embonate|2018-11-07|2018-11-07|1
Olive oil|2018-11-07|2018-11-07|1
Olmesartan|2018-11-07|2018-11-07|1
Olmesartan + Amlodipine|2018-11-07|2018-11-07|1
Olmesartan + Amlodipine + Hydrochlorothiazide|2018-11-07|2018-11-07|1
Olmesartan + Hydrochlorothiazide|2018-11-07|2018-11-07|1
Olodaterol|2018-11-07|2018-11-07|1
Olopatadine|2018-11-07|2018-11-07|1
Olsalazine|2018-11-07|2018-11-07|1
Omeprazole|2018-11-07|2018-11-07|1
Ondansetron|2018-11-07|2018-11-07|1
Opicapone|2018-11-07|2018-11-07|1
Orlistat|2018-11-07|2018-11-07|1
Orphenadrine|2018-11-07|2018-11-07|1
Oseltamivir|2018-11-07|2018-11-07|1
Oxaliplatin|2018-11-07|2018-11-07|1
Oxazepam|2018-11-07|2018-11-07|1
Oxcarbazepine|2018-11-07|2018-11-07|1
Oxerutins|2018-11-07|2018-11-07|1
Oxprenolol|2018-11-07|2018-11-07|1
Oxybutynin|2018-11-07|2018-11-07|1
Oxycodone|2018-11-07|2018-11-07|1
Oxycodone + Naloxone|2018-11-07|2018-11-07|1
Oxytetracycline|2018-11-07|2018-11-07|1
Oxytetracycline + Hydrocortisone|2018-11-07|2018-11-07|1
Paliperidone|2018-11-07|2018-11-07|1
Pancreatin|2018-11-07|2018-11-07|1
Pantoprazole|2018-11-07|2018-11-07|1
Paracetamol|2018-11-07|2018-11-07|1
Paracetamol + Dihydrocodeine|2018-11-07|2018-11-07|1
Paracetamol + Ibuprofen|2018-11-07|2018-11-07|1
Paracetamol + Isometheptene|2018-11-07|2018-11-07|1
Paracetamol + Metoclopramide|2018-11-07|2018-11-07|1
Paracetamol + Pseudoephedrine|2018-11-07|2018-11-07|1
Paraffin hard|2018-11-07|2018-11-07|1
Parecoxib|2018-11-07|2018-11-07|1
Paricalcitol|2018-11-07|2018-11-07|1
Paroxetine|2018-11-07|2018-11-07|1
Penciclovir|2018-11-07|2018-11-07|1
Penicillamine|2018-11-07|2018-11-07|1
Pentazocine|2018-11-07|2018-11-07|1
Pentoxifylline|2018-11-07|2018-11-07|1
Peppermint oil|2018-11-07|2018-11-07|1
Perampanel|2018-11-07|2018-11-07|1
Pergolide|2018-11-07|2018-11-07|1
Pericyazine|2018-11-07|2018-11-07|1
Perindopril arginine|2018-11-07|2018-11-07|1
Perindopril arginine + Indapamide|2018-11-07|2018-11-07|1
Perindopril erbumine|2018-11-07|2018-11-07|1
Perindopril erbumine + Amlodipine|2018-11-07|2018-11-07|1
Permethrin|2018-11-07|2018-11-07|1
Perphenazine|2018-11-07|2018-11-07|1
Pethidine|2018-11-07|2018-11-07|1
Phenelzine|2018-11-07|2018-11-07|1
Phenindione|2018-11-07|2018-11-07|1
Phenobarbital|2018-11-07|2018-11-07|1
Phenobarbital sodium|2018-11-07|2018-11-07|1
Phenol + Chlorhexidine|2018-11-07|2018-11-07|1
Phenoxybenzamine|2018-11-07|2018-11-07|1
Phenoxymethylpenicillin|2018-11-07|2018-11-07|1
Phentolamine + Aviptadil|2018-11-07|2018-11-07|1
Phenylephrine|2018-11-07|2018-11-07|1
Phenytoin|2018-11-07|2018-11-07|1
Phenytoin sodium|2018-11-07|2018-11-07|1
Pholcodine|2018-11-07|2018-11-07|1
Phytomenadione|2018-11-07|2018-11-07|1
Pilocarpine|2018-11-07|2018-11-07|1
Pimecrolimus|2018-11-07|2018-11-07|1
Pimozide|2018-11-07|2018-11-07|1
Pindolol|2018-11-07|2018-11-07|1
Pindolol + Clopamide|2018-11-07|2018-11-07|1
Pioglitazone|2018-11-07|2018-11-07|1
Pioglitazone + Metformin|2018-11-07|2018-11-07|1
Piperacillin + Tazobactam|2018-11-07|2018-11-07|1
Pipotiazine|2018-11-07|2018-11-07|1
Piracetam|2018-11-07|2018-11-07|1
Piroxicam|2018-11-07|2018-11-07|1
Piroxicam betadex|2018-11-07|2018-11-07|1
Pivmecillinam|2018-11-07|2018-11-07|1
Pizotifen|2018-11-07|2018-11-07|1
Pneumococcal vaccine|2018-11-07|2018-11-07|1
Podophyllotoxin|2018-11-07|2018-11-07|1
Polihexanide|2018-11-07|2018-11-07|1
Polymyxin B + Bacitracin|2018-11-07|2018-11-07|1
Polysaccharide-iron complex|2018-11-07|2018-11-07|1
Polyvinyl alcohol|2018-11-07|2018-11-07|1
Posaconazole|2018-11-07|2018-11-07|1
Potassium acid tartrate + Potassium bicarbonate|2018-11-07|2018-11-07|1
Potassium aminobenzoate|2018-11-07|2018-11-07|1
Potassium bicarbonate + Potassium chloride|2018-11-07|2018-11-07|1
Potassium chloride|2018-11-07|2018-11-07|1
Potassium citrate|2018-11-07|2018-11-07|1
Potassium citrate + Citric acid|2018-11-07|2018-11-07|1
Potassium hydroxide|2018-11-07|2018-11-07|1
Potassium permanganate|2018-11-07|2018-11-07|1
Povidone|2018-11-07|2018-11-07|1
Povidone-Iodine|2018-11-07|2018-11-07|1
Pramipexole|2018-11-07|2018-11-07|1
Prasugrel|2018-11-07|2018-11-07|1
Pravastatin|2018-11-07|2018-11-07|1
Prazosin|2018-11-07|2018-11-07|1
Prednisolone|2018-11-07|2018-11-07|1
Prednisone|2018-11-07|2018-11-07|1
Pregabalin|2018-11-07|2018-11-07|1
Primidone|2018-11-07|2018-11-07|1
Prochlorperazine|2018-11-07|2018-11-07|1
Procyclidine|2018-11-07|2018-11-07|1
Progesterone|2018-11-07|2018-11-07|1
Proguanil|2018-11-07|2018-11-07|1
Proguanil + Atovaquone|2018-11-07|2018-11-07|1
Promazine|2018-11-07|2018-11-07|1
Promethazine hydrochloride|2018-11-07|2018-11-07|1
Promethazine teoclate|2018-11-07|2018-11-07|1
Propafenone|2018-11-07|2018-11-07|1
Propamidine|2018-11-07|2018-11-07|1
Propantheline|2018-11-07|2018-11-07|1
Propiverine|2018-11-07|2018-11-07|1
Propofol|2018-11-07|2018-11-07|1
Propranolol|2018-11-07|2018-11-07|1
Propylene glycol|2018-11-07|2018-11-07|1
Propylthiouracil|2018-11-07|2018-11-07|1
Proxymetacaine|2018-11-07|2018-11-07|1
Prucalopride|2018-11-07|2018-11-07|1
Pseudoephedrine|2018-11-07|2018-11-07|1
Pseudoephedrine + Acrivastine|2018-11-07|2018-11-07|1
Pseudoephedrine + Chlorphenamine|2018-11-07|2018-11-07|1
Pseudoephedrine + Triprolidine|2018-11-07|2018-11-07|1
Pyrazinamide|2018-11-07|2018-11-07|1
Pyridostigmine|2018-11-07|2018-11-07|1
Pyridoxine|2018-11-07|2018-11-07|1
Pyrimethamine|2018-11-07|2018-11-07|1
Quetiapine|2018-11-07|2018-11-07|1
Quinagolide|2018-11-07|2018-11-07|1
Quinapril|2018-11-07|2018-11-07|1
Quinapril + Hydrochlorothiazide|2018-11-07|2018-11-07|1
Quinine bisulfate|2018-11-07|2018-11-07|1
Quinine sulfate|2018-11-07|2018-11-07|1
Quinine sulphate|2018-11-07|2018-11-07|1
REAGENT|2018-11-07|2018-11-07|1
Rabeprazole|2018-11-07|2018-11-07|1
Rabies vaccine|2018-11-07|2018-11-07|1
Racecadotril|2018-11-07|2018-11-07|1
Raloxifene|2018-11-07|2018-11-07|1
Raltegravir|2018-11-07|2018-11-07|1
Ramipril|2018-11-07|2018-11-07|1
Ranitidine|2018-11-07|2018-11-07|1
Ranolazine|2018-11-07|2018-11-07|1
Rasagiline|2018-11-07|2018-11-07|1
Reboxetine|2018-11-07|2018-11-07|1
Repaglinide|2018-11-07|2018-11-07|1
Retapamulin|2018-11-07|2018-11-07|1
Retigabine|2018-11-07|2018-11-07|1
Retinol + Vitamin D|2018-11-07|2018-11-07|1
Rhubarb extract + Salicylic acid|2018-11-07|2018-11-07|1
Riboflavin|2018-11-07|2018-11-07|1
Rifabutin|2018-11-07|2018-11-07|1
Rifampicin|2018-11-07|2018-11-07|1
Rifampicin + Isoniazid|2018-11-07|2018-11-07|1
Rifampicin + Isoniazid + Pyrazinamide|2018-11-07|2018-11-07|1
Rifaximin|2018-11-07|2018-11-07|1
Riluzole|2018-11-07|2018-11-07|1
Rimexolone|2018-11-07|2018-11-07|1
Risedronate sodium|2018-11-07|2018-11-07|1
Risperidone|2018-11-07|2018-11-07|1
Ritonavir|2018-11-07|2018-11-07|1
Rivaroxaban|2018-11-07|2018-11-07|1
Rivastigmine|2018-11-07|2018-11-07|1
Rizatriptan|2018-11-07|2018-11-07|1
Rocuronium|2018-11-07|2018-11-07|1
Roflumilast|2018-11-07|2018-11-07|1
Ropinirole|2018-11-07|2018-11-07|1
Rosuvastatin|2018-11-07|2018-11-07|1
Rotigotine|2018-11-07|2018-11-07|1
Rufinamide|2018-11-07|2018-11-07|1
Rupatadine|2018-11-07|2018-11-07|1
SPECIAL FORMULA|2018-11-07|2018-11-07|1
SUPPLEMENT|2018-11-07|2018-11-07|1
SURGICAL TAPE|2018-11-07|2018-11-07|1
Sacubitril + Valsartan|2018-11-07|2018-11-07|1
Safinamide|2018-11-07|2018-11-07|1
Salbutamol|2018-11-07|2018-11-07|1
Salbutamol + Ipratropium|2018-11-07|2018-11-07|1
Salicylic acid|2018-11-07|2018-11-07|1
Salicylic acid + Betamethasone|2018-11-07|2018-11-07|1
Salicylic acid + Lactic acid|2018-11-07|2018-11-07|1
Salicylic acid + Mucopolysaccharide polysulfate|2018-11-07|2018-11-07|1
Salmeterol|2018-11-07|2018-11-07|1
Saquinavir|2018-11-07|2018-11-07|1
Saxagliptin|2018-11-07|2018-11-07|1
Saxagliptin + Dapagliflozin|2018-11-07|2018-11-07|1
Saxagliptin + Metformin|2018-11-07|2018-11-07|1
Secobarbital|2018-11-07|2018-11-07|1
Selegiline|2018-11-07|2018-11-07|1
Selenium|2018-11-07|2018-11-07|1
Senna|2018-11-07|2018-11-07|1
Senna + Ispaghula|2018-11-07|2018-11-07|1
Sertraline|2018-11-07|2018-11-07|1
Sesame oil|2018-11-07|2018-11-07|1
Sevelamer|2018-11-07|2018-11-07|1
Shingles (Herpes Zoster) vaccine|2018-11-07|2018-11-07|1
Sildenafil|2018-11-07|2018-11-07|1
Silicone|2018-11-07|2018-11-07|1
Silver nitrate|2018-11-07|2018-11-07|1
Simeticone|2018-11-07|2018-11-07|1
Simeticone + Loperamide|2018-11-07|2018-11-07|1
Simvastatin|2018-11-07|2018-11-07|1
Simvastatin + Ezetimibe|2018-11-07|2018-11-07|1
Sirolimus|2018-11-07|2018-11-07|1
Sitagliptin|2018-11-07|2018-11-07|1
Sitagliptin + Metformin|2018-11-07|2018-11-07|1
Sodium acid phosphate|2018-11-07|2018-11-07|1
Sodium acid phosphate + Sodium bicarbonate|2018-11-07|2018-11-07|1
Sodium acid phosphate + Sodium phosphate|2018-11-07|2018-11-07|1
Sodium alginate + Magnesium alginate|2018-11-07|2018-11-07|1
Sodium alginate + Potassium bicarbonate|2018-11-07|2018-11-07|1
Sodium aurothiomalate|2018-11-07|2018-11-07|1
Sodium bicarbonate|2018-11-07|2018-11-07|1
Sodium chloride|2018-11-07|2018-11-07|1
Sodium citrate|2018-11-07|2018-11-07|1
Sodium clodronate|2018-11-07|2018-11-07|1
Sodium cromoglicate|2018-11-07|2018-11-07|1
Sodium dihydrogen phosphate|2018-11-07|2018-11-07|1
Sodium feredetate|2018-11-07|2018-11-07|1
Sodium fluoride|2018-11-07|2018-11-07|1
Sodium fusidate|2018-11-07|2018-11-07|1
Sodium hyaluronate|2018-11-07|2018-11-07|1
Sodium hyaluronate + Chondroitin|2018-11-07|2018-11-07|1
Sodium hyaluronate + Dexpanthenol|2018-11-07|2018-11-07|1
Sodium hyaluronate + Ectoin|2018-11-07|2018-11-07|1
Sodium hyaluronate + Trehalose|2018-11-07|2018-11-07|1
Sodium lauryl ether sulfo-succinate + Sodium lauryl ether sulfate|2018-11-07|2018-11-07|1
Sodium oxybate|2018-11-07|2018-11-07|1
Sodium phenylbutyrate|2018-11-07|2018-11-07|1
Sodium picosulfate|2018-11-07|2018-11-07|1
Sodium valproate|2018-11-07|2018-11-07|1
Soft paraffin + Wool fat|2018-11-07|2018-11-07|1
Solifenacin|2018-11-07|2018-11-07|1
Solifenacin + Tamsulosin|2018-11-07|2018-11-07|1
Somatropin|2018-11-07|2018-11-07|1
Sotalol|2018-11-07|2018-11-07|1
Soya oil|2018-11-07|2018-11-07|1
Soya oil + Lauromacrogols|2018-11-07|2018-11-07|1
Spironolactone|2018-11-07|2018-11-07|1
Spironolactone + Furosemide|2018-11-07|2018-11-07|1
Sterculia|2018-11-07|2018-11-07|1
Sterculia + Frangula|2018-11-07|2018-11-07|1
Stiripentol|2018-11-07|2018-11-07|1
Strontium ranelate|2018-11-07|2018-11-07|1
Sucralfate|2018-11-07|2018-11-07|1
Sucroferric oxyhydroxide|2018-11-07|2018-11-07|1
Sulfadiazine|2018-11-07|2018-11-07|1
Sulfadiazine silver|2018-11-07|2018-11-07|1
Sulfasalazine|2018-11-07|2018-11-07|1
Sulfinpyrazone|2018-11-07|2018-11-07|1
Sulfur|2018-11-07|2018-11-07|1
Sulindac|2018-11-07|2018-11-07|1
Sulpiride|2018-11-07|2018-11-07|1
Sumatra benzoin|2018-11-07|2018-11-07|1
Sumatriptan|2018-11-07|2018-11-07|1
Sunitinib|2018-11-07|2018-11-07|1
TRACHEOSTOMY|2018-11-07|2018-11-07|1
Tacalcitol|2018-11-07|2018-11-07|1
Tacrolimus|2018-11-07|2018-11-07|1
Tadalafil|2018-11-07|2018-11-07|1
Tafluprost|2018-11-07|2018-11-07|1
Tafluprost + Timolol|2018-11-07|2018-11-07|1
Tamoxifen|2018-11-07|2018-11-07|1
Tamsulosin|2018-11-07|2018-11-07|1
Tamsulosin + Dutasteride|2018-11-07|2018-11-07|1
Tapentadol|2018-11-07|2018-11-07|1
Tartaric acid|2018-11-07|2018-11-07|1
Tazarotene|2018-11-07|2018-11-07|1
Teicoplanin|2018-11-07|2018-11-07|1
Telbivudine|2018-11-07|2018-11-07|1
Telithromycin|2018-11-07|2018-11-07|1
Telmisartan|2018-11-07|2018-11-07|1
Telmisartan + Hydrochlorothiazide|2018-11-07|2018-11-07|1
Temazepam|2018-11-07|2018-11-07|1
Tenofovir disoproxil|2018-11-07|2018-11-07|1
Tenoxicam|2018-11-07|2018-11-07|1
Terazosin|2018-11-07|2018-11-07|1
Terbinafine|2018-11-07|2018-11-07|1
Terbutaline|2018-11-07|2018-11-07|1
Terlipressin|2018-11-07|2018-11-07|1
Testosterone|2018-11-07|2018-11-07|1
Testosterone enantate|2018-11-07|2018-11-07|1
Testosterone undecanoate|2018-11-07|2018-11-07|1
Tetrabenazine|2018-11-07|2018-11-07|1
Tetracaine|2018-11-07|2018-11-07|1
Tetracosactide|2018-11-07|2018-11-07|1
Tetracycline|2018-11-07|2018-11-07|1
Theophylline|2018-11-07|2018-11-07|1
Thiamine|2018-11-07|2018-11-07|1
Tiagabine|2018-11-07|2018-11-07|1
Tiaprofenic acid|2018-11-07|2018-11-07|1
Tibolone|2018-11-07|2018-11-07|1
Ticagrelor|2018-11-07|2018-11-07|1
Tick-borne encephalitis vaccine|2018-11-07|2018-11-07|1
Tilactase|2018-11-07|2018-11-07|1
Timolol|2018-11-07|2018-11-07|1
Timolol + Bendroflumethiazide|2018-11-07|2018-11-07|1
Timolol + Travoprost|2018-11-07|2018-11-07|1
Tinidazole|2018-11-07|2018-11-07|1
Tinzaparin|2018-11-07|2018-11-07|1
Tioconazole|2018-11-07|2018-11-07|1
Tiotropium|2018-11-07|2018-11-07|1
Tiotropium + Olodaterol|2018-11-07|2018-11-07|1
Tipranavir|2018-11-07|2018-11-07|1
Tizanidine|2018-11-07|2018-11-07|1
Tobramycin|2018-11-07|2018-11-07|1
Tocilizumab|2018-11-07|2018-11-07|1
Tocofersolan|2018-11-07|2018-11-07|1
Tolbutamide|2018-11-07|2018-11-07|1
Tolcapone|2018-11-07|2018-11-07|1
Tolfenamic acid|2018-11-07|2018-11-07|1
Tolnaftate|2018-11-07|2018-11-07|1
Tolnaftate + Benzalkonium|2018-11-07|2018-11-07|1
Tolterodine|2018-11-07|2018-11-07|1
Tolvaptan|2018-11-07|2018-11-07|1
Topiramate|2018-11-07|2018-11-07|1
Torasemide|2018-11-07|2018-11-07|1
Toremifene|2018-11-07|2018-11-07|1
Tramadol|2018-11-07|2018-11-07|1
Tramadol + Paracetamol|2018-11-07|2018-11-07|1
Trandolapril|2018-11-07|2018-11-07|1
Tranexamic acid|2018-11-07|2018-11-07|1
Tranylcypromine|2018-11-07|2018-11-07|1
Travoprost|2018-11-07|2018-11-07|1
Travoprost + Timolol|2018-11-07|2018-11-07|1
Trazodone|2018-11-07|2018-11-07|1
Tretinoin|2018-11-07|2018-11-07|1
Tretinoin + Erythromycin|2018-11-07|2018-11-07|1
Triamcinolone + Chlortetracycline|2018-11-07|2018-11-07|1
Triamcinolone acetonide|2018-11-07|2018-11-07|1
Triamterene|2018-11-07|2018-11-07|1
Triamterene + Chlortalidone|2018-11-07|2018-11-07|1
Triamterene + Furosemide|2018-11-07|2018-11-07|1
Triclosan|2018-11-07|2018-11-07|1
Trifluoperazine|2018-11-07|2018-11-07|1
Trihexyphenidyl|2018-11-07|2018-11-07|1
Trimethoprim|2018-11-07|2018-11-07|1
Trimipramine|2018-11-07|2018-11-07|1
Tripotassium dicitratobismuthate|2018-11-07|2018-11-07|1
Triptorelin|2018-11-07|2018-11-07|1
Tropicamide|2018-11-07|2018-11-07|1
Trospium|2018-11-07|2018-11-07|1
Tryptophan|2018-11-07|2018-11-07|1
Typhoid vaccine|2018-11-07|2018-11-07|1
Tyrosine|2018-11-07|2018-11-07|1
Ubidecarenone|2018-11-07|2018-11-07|1
Ubidecarenone + Alpha tocopherol|2018-11-07|2018-11-07|1
Ulipristal|2018-11-07|2018-11-07|1
Umeclidinium bromide|2018-11-07|2018-11-07|1
Umeclidinium bromide + Vilanterol|2018-11-07|2018-11-07|1
Urea|2018-11-07|2018-11-07|1
Urea + Lactic acid|2018-11-07|2018-11-07|1
Urea + Lauromacrogols|2018-11-07|2018-11-07|1
Urea [13-C]|2018-11-07|2018-11-07|1
Urea hydrogen peroxide|2018-11-07|2018-11-07|1
Ursodeoxycholic acid|2018-11-07|2018-11-07|1
Valaciclovir|2018-11-07|2018-11-07|1
Valerian|2018-11-07|2018-11-07|1
Valganciclovir|2018-11-07|2018-11-07|1
Valproic acid|2018-11-07|2018-11-07|1
Valsartan|2018-11-07|2018-11-07|1
Valsartan + Hydrochlorothiazide|2018-11-07|2018-11-07|1
Vancomycin|2018-11-07|2018-11-07|1
Vardenafil|2018-11-07|2018-11-07|1
Varenicline|2018-11-07|2018-11-07|1
Varicella vaccine|2018-11-07|2018-11-07|1
Venlafaxine|2018-11-07|2018-11-07|1
Verapamil|2018-11-07|2018-11-07|1
Vigabatrin|2018-11-07|2018-11-07|1
Vildagliptin|2018-11-07|2018-11-07|1
Vildagliptin + Metformin|2018-11-07|2018-11-07|1
Voriconazole|2018-11-07|2018-11-07|1
Vortioxetine|2018-11-07|2018-11-07|1
Warfarin|2018-11-07|2018-11-07|1
Water|2018-11-07|2018-11-07|1
Wheat dextrin|2018-11-07|2018-11-07|1
White soft paraffin|2018-11-07|2018-11-07|1
White soft paraffin + Liquid paraffin|2018-11-07|2018-11-07|1
Wool fat|2018-11-07|2018-11-07|1
Xipamide|2018-11-07|2018-11-07|1
Xylometazoline|2018-11-07|2018-11-07|1
Yellow soft paraffin|2018-11-07|2018-11-07|1
Zafirlukast|2018-11-07|2018-11-07|1
Zaleplon|2018-11-07|2018-11-07|1
Zanamivir|2018-11-07|2018-11-07|1
Zidovudine|2018-11-07|2018-11-07|1
Zidovudine + Lamivudine|2018-11-07|2018-11-07|1
Zinc acetate|2018-11-07|2018-11-07|1
Zinc citrate|2018-11-07|2018-11-07|1
Zinc oxide|2018-11-07|2018-11-07|1
Zinc oxide + Cod liver oil|2018-11-07|2018-11-07|1
Zinc oxide + Dimeticone|2018-11-07|2018-11-07|1
Zinc oxide + Lidocaine|2018-11-07|2018-11-07|1
Zinc sulphate|2018-11-07|2018-11-07|1
Zinc undecenoate + Undecenoic acid|2018-11-07|2018-11-07|1
Zoledronic acid|2018-11-07|2018-11-07|1
Zolmitriptan|2018-11-07|2018-11-07|1
Zolpidem|2018-11-07|2018-11-07|1
Zonisamide|2018-11-07|2018-11-07|1
Zopiclone|2018-11-07|2018-11-07|1
Zuclopenthixol|2018-11-07|2018-11-07|1
Zuclopenthixol acetate|2018-11-07|2018-11-07|1
Zuclopenthixol decanoate|2018-11-07|2018-11-07|1
